cluster,wavenumber,median_absorbance,q25_absorbance,q75_absorbance,mean_absorbance,n
1,3399.008061647415,0.03015315718948841,0.02819336112588644,0.03832847997546196,0.03312067973117034,15
1,3397.0779037475586,0.030304545536637306,0.028320850804448128,0.0385260134935379,0.03328345778087775,15
1,3395.147745847702,0.03045411966741085,0.02844491694122553,0.038722554221749306,0.03344554404417674,15
1,3393.2175879478455,0.030602682381868362,0.028569418005645275,0.038918424397706985,0.03360789641737938,15
1,3391.287430047989,0.030750833451747894,0.028695371001958847,0.039114225655794144,0.03377128951251507,15
1,3389.3572721481323,0.03089815378189087,0.02882234938442707,0.039309680461883545,0.03393516267339389,15
1,3387.4271142482758,0.031044233590364456,0.02894934732466936,0.03950422443449497,0.034098581224679944,15
1,3385.496956348419,0.03119002655148506,0.029076370410621166,0.0396985188126564,0.03426201802988847,15
1,3383.5667984485626,0.03133757412433624,0.029204487800598145,0.0398944690823555,0.034427393103639285,15
1,3381.636640548706,0.03148878738284111,0.0293347155675292,0.040094053372740746,0.034596662347515426,15
1,3379.7064826488495,0.03164515271782875,0.02946755290031433,0.040298715233802795,0.03477104703585307,15
1,3377.776324748993,0.03180791065096855,0.029603570699691772,0.040509508922696114,0.034951326871911687,15
1,3375.8461668491364,0.03197743743658066,0.029743445105850697,0.04072682745754719,0.0351378525296847,15
1,3373.91600894928,0.03215242177248001,0.02988680638372898,0.04094954393804073,0.03532977576057116,15
1,3371.985851049423,0.03233065828680992,0.03003194648772478,0.04117543250322342,0.035525062059362726,15
1,3370.0556931495667,0.03251112252473831,0.030177637934684753,0.0414032731205225,0.035722254092494646,15
1,3368.12553524971,0.03269491717219353,0.030324832536280155,0.04163426347076893,0.03592204724748929,15
1,3366.1953773498535,0.03288959711790085,0.030475961975753307,0.04187118448317051,0.0361266748358806,15
1,3364.265219449997,0.0330972820520401,0.030632738023996353,0.04211639054119587,0.036337867751717566,15
1,3362.3350615501404,0.03331063687801361,0.030795054510235786,0.04237045720219612,0.03655557371675968,15
1,3360.404903650284,0.03352763131260872,0.030961827374994755,0.04263230971992016,0.03677838978668054,15
1,3358.4747457504272,0.03374601528048515,0.03113213274627924,0.04290013015270233,0.037004708871245386,15
1,3356.5445878505707,0.03396430239081383,0.03130527213215828,0.04317169263958931,0.03723312132060528,15
1,3354.614429950714,0.03418101742863655,0.03148017916828394,0.04344417527318001,0.037461913749575616,15
1,3352.6842720508575,0.03439401462674141,0.03165534697473049,0.04371420294046402,0.037688704455892244,15
1,3350.754114151001,0.03460092842578888,0.031829386949539185,0.0439781304448843,0.037910819674531616,15
1,3348.8239562511444,0.034799136221408844,0.03200113773345947,0.044232143089175224,0.03812557831406593,15
1,3346.893798351288,0.03498465195298195,0.032168615609407425,0.044471779838204384,0.03832966846724351,15
1,3344.9636404514313,0.03515195474028587,0.0323282852768898,0.044691747054457664,0.03851871540149053,15
1,3343.0334825515747,0.03531897813081741,0.0324765108525753,0.04488729313015938,0.038688709711035094,15
1,3341.103324651718,0.03548838198184967,0.03261144272983074,0.04505590908229351,0.03883795142173767,15
1,3339.1731667518616,0.03564583882689476,0.03273281082510948,0.045197004452347755,0.03896685689687729,15
1,3337.243008852005,0.03579235449433327,0.03284059464931488,0.04531077668070793,0.03907634864250819,15
1,3335.3128509521484,0.03592884540557861,0.032934583723545074,0.04539790749549866,0.039167050768931705,15
1,3333.382693052292,0.03605584055185318,0.033014824613928795,0.0454593226313591,0.03923929358522097,15
1,3331.4525351524353,0.03617315739393234,0.033082203939557076,0.04549599066376686,0.03929347383479277,15
1,3329.5223772525787,0.03628060221672058,0.03313850611448288,0.04550958052277565,0.03933085339764754,15
1,3327.592219352722,0.036290813237428665,0.033185893669724464,0.04550320468842983,0.03935402656594912,15
1,3325.6620614528656,0.03627897426486015,0.03322683274745941,0.04548135958611965,0.039366561298569046,15
1,3323.731903553009,0.036252886056900024,0.03326421417295933,0.045449502766132355,0.03937244278689225,15
1,3321.8017456531525,0.036216504871845245,0.033300887793302536,0.04541362076997757,0.03937568825980028,15
1,3319.871587753296,0.036173924803733826,0.03333914652466774,0.0453795250505209,0.039379965017239255,15
1,3317.9414298534393,0.0361284576356411,0.03338049724698067,0.04535171017050743,0.03938806007305781,15
1,3316.0112719535828,0.0360824391245842,0.033425793051719666,0.04533299431204796,0.03940176082154115,15
1,3314.081114053726,0.036037907004356384,0.03345830366015434,0.045325495302677155,0.039422555516163506,15
1,3312.1509561538696,0.035997096449136734,0.03349030390381813,0.0453313272446394,0.03945213767389456,15
1,3310.220798254013,0.035961829125881195,0.03353016451001167,0.04535185731947422,0.039491705720623334,15
1,3308.2906403541565,0.03593313694000244,0.03357781656086445,0.04538683407008648,0.03954102906088034,15
1,3306.3604824543,0.03591148555278778,0.03363202325999737,0.045434458181262016,0.039598429948091506,15
1,3304.4303245544434,0.035896383225917816,0.03369087353348732,0.045491838827729225,0.03966137493650119,15
1,3302.500166654587,0.03588596358895302,0.03375222347676754,0.045555656775832176,0.03972714034219583,15
1,3300.57000875473,0.03587823361158371,0.03381413780152798,0.045623091980814934,0.039793485899766286,15
1,3298.6398508548737,0.035872749984264374,0.03387506864964962,0.04569236561655998,0.03985906826953093,15
1,3296.709692955017,0.03587064519524574,0.03393374942243099,0.04576222412288189,0.03992331127325694,15
1,3294.7795350551605,0.03587312251329422,0.03398904949426651,0.04583081416785717,0.03998565264046192,15
1,3292.849377155304,0.03587992489337921,0.0340399444103241,0.04589540883898735,0.04004486836493015,15
1,3290.9192192554474,0.03588923439383507,0.0340857170522213,0.04595319181680679,0.04009917552272479,15
1,3288.989061355591,0.035898465663194656,0.03412563167512417,0.04600134119391441,0.040146388486027716,15
1,3287.0589034557343,0.0359046570956707,0.03415817208588123,0.046036237850785255,0.04018366771439711,15
1,3285.1287455558777,0.035904645919799805,0.03418121300637722,0.04605385102331638,0.04020793202022711,15
1,3283.198587656021,0.035895440727472305,0.034192804247140884,0.046050967648625374,0.04021670992175738,15
1,3281.2684297561646,0.035874392837285995,0.0341914389282465,0.046025440096855164,0.04020810884733995,15
1,3279.338271856308,0.035839539021253586,0.034176334738731384,0.0459761880338192,0.04018080954750379,15
1,3277.4081139564514,0.035790249705314636,0.034147949889302254,0.04590401612222195,0.04013498226801555,15
1,3275.477956056595,0.035726986825466156,0.03410775773227215,0.0458114929497242,0.040072447682420416,15
1,3273.5477981567383,0.035650186240673065,0.03405709005892277,0.045700954273343086,0.03999506756663322,15
1,3271.6176402568817,0.035559263080358505,0.033995842561125755,0.04557279124855995,0.03990310256679853,15
1,3269.687482357025,0.03545280173420906,0.03392287716269493,0.04542626440525055,0.03979564023514589,15
1,3267.7573244571686,0.03532986715435982,0.03383779525756836,0.04526134207844734,0.03967236615717411,15
1,3265.827166557312,0.03519050404429436,0.03374120406806469,0.04507898725569248,0.039534039547046027,15
1,3263.8970086574554,0.03503493219614029,0.033633435145020485,0.044880131259560585,0.039381386960546175,15
1,3261.966850757599,0.03486330434679985,0.03351431526243687,0.04466545023024082,0.03921462061504523,15
1,3260.0366928577423,0.034676287323236465,0.03338397294282913,0.044436121359467506,0.0390342560907205,15
1,3258.1065349578857,0.0344754196703434,0.033243583515286446,0.044194549322128296,0.038842097669839856,15
1,3256.176377058029,0.03427542373538017,0.03309568576514721,0.04394460842013359,0.03864148234327634,15
1,3254.2462191581726,0.03413979709148407,0.03294326737523079,0.043690841645002365,0.038436303536097206,15
1,3252.316061258316,0.03400131314992905,0.03277955390512943,0.04343637451529503,0.038229227811098096,15
1,3250.3859033584595,0.03386111184954643,0.032605355605483055,0.04318172484636307,0.03802100916703542,15
1,3248.455745458603,0.03371945396065712,0.032431041821837425,0.04292603023350239,0.037811524048447606,15
1,3246.5255875587463,0.03357639163732529,0.032256802543997765,0.04266899451613426,0.03760110512375832,15
1,3244.5954296588898,0.03343251720070839,0.03208297677338123,0.04241158999502659,0.03739101340373357,15
1,3242.665271759033,0.03328917548060417,0.03190993145108223,0.042155349627137184,0.03718283449610074,15
1,3240.7351138591766,0.033147770911455154,0.03173820488154888,0.04190146364271641,0.03697764612734318,15
1,3238.80495595932,0.03300894796848297,0.03156868368387222,0.041650768369436264,0.03677600671847661,15
1,3236.8747980594635,0.03287287428975105,0.03140228893607855,0.04140406660735607,0.03657829239964485,15
1,3234.944640159607,0.0327400378882885,0.031239699572324753,0.04116216115653515,0.036384835839271545,15
1,3233.0144822597504,0.03261153772473335,0.03108196146786213,0.04092620313167572,0.036196559046705566,15
1,3231.084324359894,0.032488662749528885,0.030930710025131702,0.04069795832037926,0.03601532354950905,15
1,3229.1541664600372,0.03237195685505867,0.030786843970417976,0.04047846607863903,0.03584245430926482,15
1,3227.2240085601807,0.03226039931178093,0.030649341642856598,0.04026653431355953,0.0356770404924949,15
1,3225.293850660324,0.03215215727686882,0.030516242608428,0.040059829130768776,0.03551678831378619,15
1,3223.3636927604675,0.032046493142843246,0.03038669377565384,0.039857445284724236,0.03536048407355944,15
1,3221.433534860611,0.031944435089826584,0.03026141133159399,0.03966040350496769,0.03520872580508391,15
1,3219.5033769607544,0.03184748440980911,0.030141163617372513,0.0394697654992342,0.03506224888066451,15
1,3217.573219060898,0.03175627067685127,0.030025496147572994,0.039285242557525635,0.03492051896949609,15
1,3215.6430611610413,0.031670644879341125,0.029913214035332203,0.03910575993359089,0.03478235018750032,15
1,3213.7129032611847,0.03159026429057121,0.029803712852299213,0.03893073834478855,0.034647251665592196,15
1,3211.782745361328,0.03151428699493408,0.029697196558117867,0.03876024857163429,0.034515372663736346,15
1,3209.8525874614716,0.0314406082034111,0.02958423364907503,0.038593826815485954,0.034386184563239414,15
1,3207.922429561615,0.03136611357331276,0.02946018986403942,0.03842918016016483,0.034257563576102254,15
1,3205.9922716617584,0.03128756955265999,0.029329337179660797,0.03826224058866501,0.03412628459433715,15
1,3204.062113761902,0.03120248019695282,0.029193945229053497,0.03808894008398056,0.03398950571815173,15
1,3202.1319558620453,0.031109657138586044,0.029052198864519596,0.0379071980714798,0.033845987915992734,15
1,3200.2017979621887,0.031009674072265625,0.02890428900718689,0.037717631086707115,0.03369640707969666,15
1,3198.271640062332,0.030904674902558327,0.02875205408781767,0.03752291761338711,0.03354280330240726,15
1,3196.3414821624756,0.030797075480222702,0.0285976380109787,0.03732606582343578,0.033387138446172075,15
1,3194.411324262619,0.030687792226672173,0.028442326933145523,0.037128427997231483,0.03322990673283736,15
1,3192.4811663627625,0.030575962737202644,0.02828642912209034,0.036929331719875336,0.03307024004558722,15
1,3190.551008462906,0.030460434034466743,0.028129754588007927,0.03672757372260094,0.03290721376736959,15
1,3188.6208505630493,0.03034103475511074,0.0279722698032856,0.036522889509797096,0.03274100311100483,15
1,3186.6906926631927,0.030218493193387985,0.027814735658466816,0.03631625324487686,0.032573059946298596,15
1,3184.760534763336,0.03009386919438839,0.02765853889286518,0.03610910847783089,0.03240513478716214,15
1,3182.8303768634796,0.029968060553073883,0.027504626661539078,0.03590209782123566,0.03223790675401687,15
1,3180.900218963623,0.0298418290913105,0.027353279292583466,0.03569505177438259,0.03207107273240884,15
1,3178.9700610637665,0.029716575518250465,0.027222546748816967,0.03548869676887989,0.03190498799085617,15
1,3177.03990316391,0.02959449589252472,0.027112722396850586,0.03528497368097305,0.0317410621792078,15
1,3175.1097452640533,0.029477303847670555,0.02700973115861416,0.03508487343788147,0.03158008543153604,15
1,3173.179587364197,0.02936500310897827,0.02691256534308195,0.03488728776574135,0.03142130735019843,15
1,3171.24942946434,0.029256058856844902,0.026819237507879734,0.03469054959714413,0.0312635388225317,15
1,3169.3192715644836,0.029148774221539497,0.026728441007435322,0.034494226798415184,0.031106480707724888,15
1,3167.389113664627,0.029042115435004234,0.0266397874802351,0.0342989694327116,0.03095062052210172,15
1,3165.4589557647705,0.028935017064213753,0.026552637107670307,0.03410496935248375,0.030795941253503163,15
1,3163.528797864914,0.028825797140598297,0.026465272530913353,0.033910952508449554,0.03064127452671528,15
1,3161.5986399650574,0.028712816536426544,0.026375644840300083,0.03371486812829971,0.030485135813554127,15
1,3159.668482065201,0.02859506569802761,0.026282213628292084,0.03351535461843014,0.030326649422446887,15
1,3157.7383241653442,0.028472144156694412,0.026183832436800003,0.0333123542368412,0.030165542289614676,15
1,3155.8081662654877,0.028344277292490005,0.026079822331666946,0.03310674987733364,0.030001879607637724,15
1,3153.878008365631,0.028212158009409904,0.025970332324504852,0.032899726182222366,0.029835937668879826,15
1,3151.9478504657745,0.02807590924203396,0.02585555985569954,0.03269178606569767,0.029667531326413154,15
1,3150.017692565918,0.027934212237596512,0.0257346136495471,0.0324818417429924,0.029495240127046903,15
1,3148.0875346660614,0.02778523415327072,0.02560612838715315,0.032267688773572445,0.029317110652724902,15
1,3146.157376766205,0.02762829326093197,0.025469675660133362,0.03204772807657719,0.02913227826356888,15
1,3144.2272188663483,0.02746426686644554,0.025325974449515343,0.031821973621845245,0.02894152340789636,15
1,3142.2970609664917,0.027294989675283432,0.025176594965159893,0.03159164451062679,0.028746605788667997,15
1,3140.366903066635,0.027122631669044495,0.025023690424859524,0.031358188949525356,0.028549247483412424,15
1,3138.4367451667786,0.0269492045044899,0.024869093671441078,0.031122559681534767,0.028350384285052616,15
1,3136.506587266922,0.026776153594255447,0.024713637307286263,0.030885113403201103,0.02815026342868805,15
1,3134.5764293670654,0.026604382321238518,0.024557940661907196,0.030647384002804756,0.027949300905068714,15
1,3132.646271467209,0.026434732601046562,0.024403342977166176,0.030410192906856537,0.02774850813051065,15
1,3130.7161135673523,0.02626817859709263,0.024251144379377365,0.030173080042004585,0.027548830086986224,15
1,3128.7859556674957,0.026105713099241257,0.024101748131215572,0.02993678767234087,0.0273508516450723,15
1,3126.855797767639,0.02594848722219467,0.023955903947353363,0.029702922329306602,0.02715589478611946,15
1,3124.9256398677826,0.025798296555876732,0.023816145956516266,0.02947504911571741,0.026966776326298715,15
1,3122.995481967926,0.025657720863819122,0.02368595264852047,0.029257378540933132,0.02678685374557972,15
1,3121.0653240680695,0.02552921697497368,0.02356779109686613,0.029052656143903732,0.026618500674764314,15
1,3119.135166168213,0.025413835421204567,0.0234623234719038,0.028861657716333866,0.026462628444035848,15
1,3117.2050082683563,0.02531100995838642,0.023369090631604195,0.02869862038642168,0.026319278031587602,15
1,3115.2748503684998,0.025219151750206947,0.02327832207083702,0.028563115745782852,0.026188056791822116,15
1,3113.344692468643,0.025136340409517288,0.023195247165858746,0.028438614681363106,0.02606810852885246,15
1,3111.4145345687866,0.025061065331101418,0.023120835423469543,0.028323819860816002,0.025958292931318284,15
1,3109.48437666893,0.024992307648062706,0.023053811863064766,0.028217468410730362,0.025857355197270712,15
1,3107.5542187690735,0.024928612634539604,0.022992814891040325,0.02811805810779333,0.025763618325193725,15
1,3105.624060869217,0.02486768551170826,0.022935813292860985,0.028023737482726574,0.025674894576271375,15
1,3103.6939029693604,0.02480781264603138,0.022880928590893745,0.027933267876505852,0.025589440142114957,15
1,3101.763745069504,0.024749312549829483,0.022827561013400555,0.027846980839967728,0.025506963953375816,15
1,3099.833587169647,0.024693509563803673,0.022775639779865742,0.027765695936977863,0.0254279096921285,15
1,3097.9034292697906,0.02464095689356327,0.022724340669810772,0.027688943780958652,0.02535202503204346,15
1,3095.973271369934,0.02459142915904522,0.022672463208436966,0.027614987455308437,0.02527818940579891,15
1,3094.0431134700775,0.0245443694293499,0.022619115188717842,0.027541762217879295,0.025204898168643314,15
1,3092.112955570221,0.024498336017131805,0.022563313134014606,0.02746718004345894,0.025130432471632956,15
1,3090.1827976703644,0.02445075660943985,0.02250367496162653,0.027389110065996647,0.025052982568740844,15
1,3088.252639770508,0.024398861452937126,0.022439020685851574,0.027305579744279385,0.02497080477575461,15
1,3086.3224818706512,0.024340901523828506,0.022368961945176125,0.027215175330638885,0.024882479508717855,15
1,3084.3923239707947,0.024276506155729294,0.022293810732662678,0.02711746282875538,0.024787381912271183,15
1,3082.462166070938,0.024206150323152542,0.0222144965082407,0.02701341174542904,0.024686103189984956,15
1,3080.5320081710815,0.02413092739880085,0.022132989950478077,0.026905600912868977,0.024580585459868114,15
1,3078.601850271225,0.024052871391177177,0.022052236832678318,0.026797419413924217,0.024473655844728152,15
1,3076.6716923713684,0.023974381387233734,0.021974761970341206,0.026691322214901447,0.0243677648405234,15
1,3074.741534471512,0.02389661967754364,0.021901272237300873,0.026587692089378834,0.024263865624864895,15
1,3072.8113765716553,0.02381889522075653,0.021830941550433636,0.026485346257686615,0.024161534880598388,15
1,3070.8812186717987,0.023739568889141083,0.0217626066878438,0.02638275269418955,0.02405983197192351,15
1,3068.951060771942,0.02365719899535179,0.021695520728826523,0.02627895213663578,0.02395803704857826,15
1,3067.0209028720856,0.02357146330177784,0.021629619412124157,0.02617400698363781,0.023856171096364658,15
1,3065.090744972229,0.023483045399188995,0.02156516443938017,0.026068481616675854,0.023754690339167914,15
1,3063.1605870723724,0.023392178118228912,0.021501796320080757,0.025962229818105698,0.023653306315342584,15
1,3061.230429172516,0.023297999054193497,0.021438379772007465,0.025854325853288174,0.023550752053658166,15
1,3059.3002712726593,0.023200130090117455,0.021374144591391087,0.02574443817138672,0.023446175704399743,15
1,3057.3701133728027,0.023100152611732483,0.021309519186615944,0.02563352882862091,0.023340128362178802,15
1,3055.439955472946,0.023000525310635567,0.021245227195322514,0.025522605516016483,0.02323362169166406,15
1,3053.5097975730896,0.022902291268110275,0.02118072472512722,0.02541101723909378,0.02312651015818119,15
1,3051.579639673233,0.022804494947195053,0.021114074625074863,0.025296653620898724,0.0230173010379076,15
1,3049.6494817733765,0.022705430164933205,0.021043192595243454,0.025177503935992718,0.02290426529943943,15
1,3047.71932387352,0.022603411227464676,0.020966611802577972,0.025052357465028763,0.02278614913423856,15
1,3045.7891659736633,0.022496551275253296,0.02088327705860138,0.024920213036239147,0.022661971549193066,15
1,3043.8590080738068,0.02238302119076252,0.020792322233319283,0.024779822677373886,0.022530719886223474,15
1,3041.92885017395,0.022262059152126312,0.02069331705570221,0.024630223400890827,0.022391669948895774,15
1,3039.9986922740936,0.022134428843855858,0.02058667503297329,0.024471831507980824,0.022245169430971146,15
1,3038.068534374237,0.022001802921295166,0.02047382015734911,0.024306834675371647,0.02209296226501465,15
1,3036.1383764743805,0.021866150200366974,0.02035705279558897,0.02413856517523527,0.02193779597679774,15
1,3034.208218574524,0.021729959174990654,0.020239357836544514,0.023970658890902996,0.021782969559232392,15
1,3032.2780606746674,0.021596163511276245,0.02012374997138977,0.02378747146576643,0.021631699800491334,15
1,3030.347902774811,0.021466676145792007,0.020011985674500465,0.023581845685839653,0.021485908453663192,15
1,3028.417744874954,0.021341221407055855,0.019904001615941525,0.023381506092846394,0.021345551187793414,15
1,3026.4875869750977,0.021218327805399895,0.01979901548475027,0.023185758851468563,0.021209521343310674,15
1,3024.557429075241,0.021096864715218544,0.019696771167218685,0.022993952967226505,0.021077017237742742,15
1,3022.6272711753845,0.020976539701223373,0.019597661681473255,0.02280616108328104,0.02094807426134745,15
1,3020.697113275528,0.02085788920521736,0.019502293318510056,0.022623294964432716,0.020823320373892784,15
1,3018.7669553756714,0.0207417830824852,0.019411086104810238,0.02244643960148096,0.02070333920419216,15
1,3016.836797475815,0.02062521129846573,0.019324354827404022,0.0222761956974864,0.020588317016760508,15
1,3014.9066395759583,0.02049367129802704,0.01924287062138319,0.022113007493317127,0.020478546371062598,15
1,3012.9764816761017,0.02039487473666668,0.019167828373610973,0.021957505494356155,0.020374829073747,15
1,3011.046323776245,0.020314542576670647,0.01909986324608326,0.021809950470924377,0.020277825742959978,15
1,3009.1161658763885,0.020227689296007156,0.019038339145481586,0.021669759415090084,0.02018726939956347,15
1,3007.186007976532,0.020144134759902954,0.018981831148266792,0.021536105312407017,0.020102241014440855,15
1,3005.2558500766754,0.02006613276898861,0.01892918534576893,0.021408856846392155,0.020022163540124892,15
1,3003.325692176819,0.01999404840171337,0.018880237825214863,0.02128883171826601,0.019947517290711404,15
1,3001.3955342769623,0.019929470494389534,0.018832690082490444,0.021177259273827076,0.01987977549433708,15
1,2999.4653763771057,0.019874366000294685,0.018789059482514858,0.021075322292745113,0.019820874060193696,15
1,2997.535218477249,0.01983104646205902,0.01875383034348488,0.02098439633846283,0.019773041332761445,15
1,2995.6050605773926,0.019802656024694443,0.018729631789028645,0.02090656105428934,0.01973910667002201,15
1,2993.674902677536,0.019792547449469566,0.018719561398029327,0.020844600163400173,0.019722391789158186,15
1,2991.7447447776794,0.019803117960691452,0.018726280890405178,0.02080128714442253,0.019726027672489484,15
1,2989.814586877823,0.01983565278351307,0.018746190704405308,0.02077874355018139,0.019752487540245056,15
1,2987.8844289779663,0.019890761002898216,0.01877816766500473,0.02080669905990362,0.019803411761919656,15
1,2985.9542710781097,0.0199681855738163,0.018826878629624844,0.02085614576935768,0.019879206269979476,15
1,2984.024113178253,0.020066242665052414,0.018891760148108006,0.020925838500261307,0.019978686546285946,15
1,2982.0939552783966,0.020182223990559578,0.018971720710396767,0.021013512276113033,0.020099535087744393,15
1,2980.16379737854,0.020313484594225883,0.019065688364207745,0.021116672083735466,0.020239297673106192,15
1,2978.2336394786835,0.02045784518122673,0.01917283982038498,0.021233542822301388,0.020395908504724503,15
1,2976.303481578827,0.02058391459286213,0.01929259393364191,0.02136325091123581,0.020567660902937254,15
1,2974.3733236789703,0.02069920301437378,0.019424496218562126,0.021505508571863174,0.020752825339635215,15
1,2972.4431657791138,0.02083291858434677,0.019665136002004147,0.021659761667251587,0.020948869238297144,15
1,2970.513007879257,0.020982714369893074,0.019950774498283863,0.021824329160153866,0.021152183413505554,15
1,2968.5828499794006,0.02114586904644966,0.020130692049860954,0.021997353062033653,0.021358940253655114,15
1,2966.652692079544,0.021320343017578125,0.020312131382524967,0.02217755652964115,0.02156589354077975,15
1,2964.7225341796875,0.021535418927669525,0.020492983981966972,0.022355413995683193,0.02177059054374695,15
1,2962.792376279831,0.021820109337568283,0.020672150887548923,0.022533103823661804,0.021971766650676728,15
1,2960.8622183799744,0.021999195218086243,0.020849975757300854,0.022784896194934845,0.02216966077685356,15
1,2958.932060480118,0.02222905494272709,0.02102801576256752,0.023056999780237675,0.022365711877743402,15
1,2957.0019025802612,0.022407379001379013,0.021208491176366806,0.02332358341664076,0.022562187785903614,15
1,2955.0717446804047,0.022577228024601936,0.02139404881745577,0.023590444587171078,0.02276193934182326,15
1,2953.141586780548,0.02282043918967247,0.021587439812719822,0.02386450208723545,0.022967889656623205,15
1,2951.2114288806915,0.023040534928441048,0.02179091051220894,0.024152926169335842,0.023182544857263565,15
1,2949.281270980835,0.023238863795995712,0.02200575266033411,0.024462233297526836,0.023407816141843795,15
1,2947.3511130809784,0.02344573475420475,0.022232172079384327,0.02479762490838766,0.023644954338669776,15
1,2945.420955181122,0.023661401122808456,0.022469477728009224,0.025162546895444393,0.023894473786155383,15
1,2943.4907972812653,0.023885730654001236,0.022716389037668705,0.025558345951139927,0.02415600841244062,15
1,2941.5606393814087,0.02411806955933571,0.022970983758568764,0.025983828119933605,0.024428007006645203,15
1,2939.630481481552,0.024356866255402565,0.02323038224130869,0.02643480058759451,0.02470758172372977,15
1,2937.7003235816956,0.02459976077079773,0.02349070180207491,0.026904149912297726,0.024990904952088992,15
1,2935.770165681839,0.02484421618282795,0.023747313767671585,0.027382557280361652,0.025273696581522623,15
1,2933.8400077819824,0.02508792094886303,0.023995161056518555,0.027859183959662914,0.025551251446207363,15
1,2931.909849882126,0.025328967720270157,0.024229182861745358,0.028211488388478756,0.025818454474210738,15
1,2929.9796919822693,0.025565795600414276,0.024444609880447388,0.028473975136876106,0.026069975023468337,15
1,2928.0495340824127,0.025796277448534966,0.024636661633849144,0.028721770271658897,0.026300116380055746,15
1,2926.119376182556,0.026016877964138985,0.02480034250766039,0.028950151056051254,0.026502921432256698,15
1,2924.1892182826996,0.026223404332995415,0.024923224933445454,0.029155004769563675,0.026673389847079912,15
1,2922.259060382843,0.026412302628159523,0.024996288120746613,0.029333394952118397,0.026808528726299605,15
1,2920.3289024829865,0.026580829173326492,0.0250375559553504,0.029483388178050518,0.026907006030281386,15
1,2918.39874458313,0.026726631447672844,0.025048290379345417,0.029604020528495312,0.02696860171854496,15
1,2916.4685866832733,0.026847869157791138,0.025030991062521935,0.02969540376216173,0.02699440804620584,15
1,2914.5384287834167,0.026943521574139595,0.02503636572510004,0.029745574109256268,0.02698680981993675,15
1,2912.60827088356,0.02701341174542904,0.02492765709757805,0.02967978548258543,0.02694900582234065,15
1,2910.6781129837036,0.02705834060907364,0.024845564737915993,0.02958560921251774,0.02688482776284218,15
1,2908.747955083847,0.027080010622739792,0.024752176366746426,0.029445001855492592,0.02679858629902204,15
1,2906.8177971839905,0.02708035707473755,0.024649917148053646,0.029235479421913624,0.02669458550711473,15
1,2904.887639284134,0.02706121653318405,0.02454258408397436,0.029127318412065506,0.026576896384358405,15
1,2902.9574813842773,0.027024561539292336,0.02442645002156496,0.029028031043708324,0.026449530199170113,15
1,2901.027323484421,0.026972612366080284,0.02429850958287716,0.02886831108480692,0.026316356162230173,15
1,2899.097165584564,0.026880696415901184,0.024175395257771015,0.028708369471132755,0.02618056796491146,15
1,2897.1670076847076,0.026360781863331795,0.02405870333313942,0.028550349175930023,0.026044390723109247,15
1,2895.236849784851,0.02586141787469387,0.023949380964040756,0.028395923785865307,0.02590957668920358,15
1,2893.3066918849945,0.025425581261515617,0.02384821977466345,0.028247269801795483,0.02577817824979623,15
1,2891.376533985138,0.025370443239808083,0.023756070993840694,0.0281072910875082,0.02565277467171351,15
1,2889.4463760852814,0.025310464203357697,0.02367400284856558,0.02797906380146742,0.025536016126473746,15
1,2887.516218185425,0.025249095633625984,0.023603305220603943,0.027865123935043812,0.025430111835400265,15
1,2885.5860602855682,0.025188982486724854,0.02354514505714178,0.027767205610871315,0.02533678263425827,15
1,2883.6559023857117,0.025131402537226677,0.023499969393014908,0.027686262503266335,0.02525716572999954,15
1,2881.725744485855,0.02507663331925869,0.023467167280614376,0.02762232255190611,0.02519148588180542,15
1,2879.7955865859985,0.025025000795722008,0.023439140990376472,0.027574474923312664,0.02513923260072867,15
1,2877.865428686142,0.024977190420031548,0.023420849815011024,0.027541078627109528,0.02509945606191953,15
1,2875.9352707862854,0.02493324689567089,0.023413589224219322,0.02751956507563591,0.025070306162039438,15
1,2874.005112886429,0.02489185333251953,0.02341470867395401,0.02747215796262026,0.02504863366484642,15
1,2872.0749549865723,0.024850888177752495,0.023420656099915504,0.02735768724232912,0.025030567372838656,15
1,2870.1447970867157,0.024808146059513092,0.02342772576957941,0.027242386713624,0.025012302522857983,15
1,2868.214639186859,0.024809395894408226,0.023432248272001743,0.027123376727104187,0.024990160018205643,15
1,2866.2844812870026,0.025007549673318863,0.023430447094142437,0.026997464708983898,0.02496029610435168,15
1,2864.354323387146,0.025177644565701485,0.023418516851961613,0.0268613426014781,0.024918708950281143,15
1,2862.4241654872894,0.025112194940447807,0.02339272480458021,0.02671171724796295,0.024861390019456545,15
1,2860.494007587433,0.025027712807059288,0.023349253460764885,0.026545451022684574,0.024784389759103458,15
1,2858.5638496875763,0.024919884279370308,0.023284140042960644,0.0263598021119833,0.0246839397897323,15
1,2856.6336917877197,0.02478455752134323,0.023193621076643467,0.026152332313358784,0.024556618183851242,15
1,2854.703533887863,0.02461792156100273,0.023074752651154995,0.025920838117599487,0.024399597942829133,15
1,2852.7733759880066,0.024417061358690262,0.022925881668925285,0.025663888081908226,0.024211087574561436,15
1,2850.84321808815,0.024180639535188675,0.02274694014340639,0.025381755083799362,0.023990979045629503,15
1,2848.9130601882935,0.02390950918197632,0.02253984659910202,0.025076975114643574,0.02374149076640606,15
1,2846.982902288437,0.02360709197819233,0.022308532148599625,0.024754008278250694,0.023467201987902322,15
1,2845.0527443885803,0.023279301822185516,0.022058486938476562,0.02441835217177868,0.02317431171735128,15
1,2843.1225864887238,0.022933585569262505,0.02179628238081932,0.024075771681964397,0.02286968504389127,15
1,2841.192428588867,0.022577576339244843,0.021528816781938076,0.023734708316624165,0.02256010373433431,15
1,2839.2622706890106,0.022218449041247368,0.02126227878034115,0.02343768160790205,0.022251761828859646,15
1,2837.332112789154,0.02186303585767746,0.020896540954709053,0.023148126900196075,0.02195008359849453,15
1,2835.4019548892975,0.02151774987578392,0.020666114054620266,0.022870058193802834,0.021659867465496065,15
1,2833.471796989441,0.021309873089194298,0.020449655130505562,0.022613953799009323,0.02138522168000539,15
1,2831.5416390895844,0.021140674129128456,0.020245504565536976,0.0223925756290555,0.021128985534111657,15
1,2829.611481189728,0.020983748137950897,0.020055321045219898,0.022187181748449802,0.02089244450132052,15
1,2827.681323289871,0.02083916962146759,0.01988038420677185,0.021997871808707714,0.020675972600777946,15
1,2825.7511653900146,0.0207071453332901,0.019720667973160744,0.02182469144463539,0.02047977757950624,15
1,2823.821007490158,0.020495235919952393,0.019576162099838257,0.021667691878974438,0.020303903395930925,15
1,2821.8908495903015,0.02029208280146122,0.019446616992354393,0.02152657974511385,0.020147781074047088,15
1,2819.960691690445,0.020104750990867615,0.01933151576668024,0.02140046190470457,0.020010012512405712,15
1,2818.0305337905884,0.0199312474578619,0.019229935482144356,0.021287713199853897,0.01988850844403108,15
1,2816.100375890732,0.01976994425058365,0.01914024632424116,0.02118605189025402,0.01978070760766665,15
1,2814.1702179908752,0.019619369879364967,0.019058543257415295,0.02109302394092083,0.01968382075428963,15
1,2812.2400600910187,0.019477708265185356,0.01896678563207388,0.021006549708545208,0.01959510420759519,15
1,2810.309902191162,0.019342778250575066,0.01888208743184805,0.020925004966557026,0.019511954362193742,15
1,2808.3797442913055,0.01921253465116024,0.0188019759953022,0.020847046747803688,0.01943192072212696,15
1,2806.449586391449,0.01908566616475582,0.01872402522712946,0.02077156025916338,0.01935292420287927,15
1,2804.5194284915924,0.018961584195494652,0.018646332435309887,0.02069789543747902,0.019273736948768296,15
1,2802.589270591736,0.01884014904499054,0.018568319268524647,0.020626237615942955,0.019194417695204417,15
1,2800.6591126918793,0.01872183009982109,0.018490965478122234,0.020557495765388012,0.019116131216287614,15
1,1798.9071626663208,0.0073582883924245834,0.0063592069782316685,0.008662854321300983,0.007770198117941618,15
1,1796.9770047664642,0.007028782274574041,0.0060314524453133345,0.008329039439558983,0.0074492611611882845,15
1,1795.0468468666077,0.006709125824272633,0.005713895196095109,0.008003810187801719,0.007138039342438182,15
1,1793.116688966751,0.00642802007496357,0.005434474674984813,0.0077157176565378904,0.0068636620106796425,15
1,1791.1865310668945,0.006218834780156612,0.005226856796070933,0.007498821942135692,0.0066580968753745156,15
1,1789.256373167038,0.00608297623693943,0.00509350816719234,0.007356025977060199,0.006523385659481088,15
1,1787.3262152671814,0.005993055645376444,0.0050070155411958694,0.007260515121743083,0.006433562220384677,15
1,1785.3960573673248,0.005925682373344898,0.004943284438923001,0.007188626332208514,0.006365704474349817,15
1,1783.4658994674683,0.005868328269571066,0.004889555741101503,0.0071276400703936815,0.006307159410789609,15
1,1781.5357415676117,0.005808728281408548,0.004833127139136195,0.007064570905640721,0.006245504614586631,15
1,1779.6055836677551,0.005739798303693533,0.0047656274400651455,0.006990575697273016,0.006172994446630279,15
1,1777.6754257678986,0.005666780285537243,0.004691224312409759,0.006909213960170746,0.006093716838707527,15
1,1775.745267868042,0.005596098955720663,0.004615464247763157,0.00682550435885787,0.0060127936769276856,15
1,1773.8151099681854,0.0055369483307003975,0.0045465517323464155,0.006747388746589422,0.005937760105977455,15
1,1771.8849520683289,0.00550456577911973,0.004499869421124458,0.006689848145470023,0.0058825005156298476,15
1,1769.9547941684723,0.00549788074567914,0.004476078320294619,0.0066524280700832605,0.005846346806113918,15
1,1768.0246362686157,0.005479532293975353,0.004439127631485462,0.006597641622647643,0.005793946950385968,15
1,1766.0944783687592,0.005397883243858814,0.004338504979386926,0.006472271401435137,0.00567602274628977,15
1,1764.1643204689026,0.005222398322075605,0.004140863893553615,0.006243584677577019,0.005461976521958908,15
1,1762.234162569046,0.004968812223523855,0.0038605533773079515,0.005926553159952164,0.0051665908346573515,15
1,1760.3040046691895,0.004680959973484278,0.0035430710995569825,0.005567086627706885,0.004833546979352832,15
1,1758.3738467693329,0.004387511871755123,0.00321655732113868,0.005197112448513508,0.004492590328057607,15
1,1756.4436888694763,0.004092337563633919,0.0028612654423341155,0.0048503391444683075,0.004149272083304822,15
1,1754.5135309696198,0.0037752834614366293,0.002496034139767289,0.004498520167544484,0.0037970923741037646,15
1,1752.5833730697632,0.003354934975504875,0.002121135243214667,0.004106078529730439,0.0034361158264800905,15
1,1750.6532151699066,0.002953074174001813,0.0017644443432800472,0.00373061909340322,0.0030927890989308556,15
1,1748.72305727005,0.002620917046442628,0.0014754734002053738,0.003420389723032713,0.0028145179074878495,15
1,1746.7928993701935,0.0023916137870401144,0.0012858266127295792,0.003225624328479171,0.0026315583032555877,15
1,1744.862741470337,0.002264695707708597,0.001194787328131497,0.003127127652987838,0.0025429139534632367,15
1,1742.9325835704803,0.0022315422538667917,0.0012261716765351593,0.003116000210866332,0.0025402934639714657,15
1,1741.0024256706238,0.002287723822519183,0.0013412645203061402,0.0031877587316557765,0.002619607001543045,15
1,1739.0722677707672,0.002422232646495104,0.0015284097171388566,0.003331722691655159,0.0027707100845873354,15
1,1737.1421098709106,0.0026099837850779295,0.001763836422469467,0.0035240964498370886,0.0029706232870618503,15
1,1735.211951971054,0.002827647840604186,0.0020266271894797683,0.003743805456906557,0.003198512208958467,15
1,1733.2817940711975,0.003068801946938038,0.0023118468234315515,0.003986104507930577,0.0034491417231038214,15
1,1731.351636171341,0.0033275787718594074,0.002613780670799315,0.004245453048497438,0.003716741579895218,15
1,1729.4214782714844,0.0035509855952113867,0.002914301701821387,0.004503478761762381,0.0039832198216269415,15
1,1727.4913203716278,0.0037250882014632225,0.0031893436098471284,0.004747271537780762,0.004225203239669403,15
1,1725.5611624717712,0.003842536825686693,0.0033995024859905243,0.0049370969645679,0.00440459845898052,15
1,1723.6310045719147,0.003904369194060564,0.00349655793979764,0.0050071601290255785,0.004473754127199451,15
1,1721.700846672058,0.0038367267698049545,0.0034446107456460595,0.00491882604546845,0.0043962175026535984,15
1,1719.7706887722015,0.003616183763369918,0.0032484816620126367,0.004676155745983124,0.004175197721148531,15
1,1717.840530872345,0.0032956672366708517,0.0029607299948111176,0.004335328470915556,0.003862052612627546,15
1,1715.9103729724884,0.0029607166070491076,0.0026665867771953344,0.003983380505815148,0.003538660161818067,15
1,1713.9802150726318,0.0026581124402582645,0.0024112804094329476,0.0036643589846789837,0.003247903473675251,15
1,1712.0500571727753,0.0023480490781366825,0.002167258528061211,0.0033469853224232793,0.0029620398689682286,15
1,1710.1198992729187,0.0020058685913681984,0.0018957512802444398,0.002989048953168094,0.0026418490257735052,15
1,1708.1897413730621,0.0016451077535748482,0.0015640819910913706,0.0025896053994074464,0.002285833617982765,15
1,1706.2595834732056,0.001286323880776763,0.0012149351532571018,0.0021924537140876055,0.0019346519218136867,15
1,1704.329425573349,9.734225459396839e-4,9.121440234594047e-4,0.0018543598125688732,0.0016416481191602846,15
1,1702.3992676734924,0.00076515215914696455,7.359926239587367e-4,0.0017056500655598938,0.0014417943777516485,15
1,1700.4691097736359,7.623047567903996e-4,6.491410022135824e-4,0.0016932444996200502,0.0013580735307186843,15
1,1698.5389518737793,9.865955216810107e-4,7.55741260945797e-4,0.0018674624734558165,0.0014420879577907422,15
1,1696.6087939739227,0.001360271591693163,0.0010722471051849425,0.0022133769234642386,0.0017477652717692157,15
1,1694.6786360740662,0.001910291612148285,0.0016159930382855237,0.0027275215834379196,0.002268139955898126,15
1,1692.7484781742096,0.002638833364471793,0.002331776893697679,0.0035504562547430396,0.0029594720263654986,15
1,1690.818320274353,0.0034456171561032534,0.0031635325867682695,0.0043917561415582895,0.003789431710417072,15
1,1688.8881623744965,0.004491019062697887,0.004073442192748189,0.005155179416760802,0.004737967702870567,15
1,1686.95800447464,0.00560440169647336,0.004977913340553641,0.006228903075680137,0.005785372356573741,15
1,1685.0278465747833,0.006636766251176596,0.006054045166820288,0.0074229370802640915,0.006909983046352863,15
1,1683.0976886749268,0.007890290580689907,0.007194499485194683,0.008684767875820398,0.00809897097448508,15
1,1681.1675307750702,0.00919567421078682,0.008234838023781776,0.009999805595725775,0.009338314055154721,15
1,1679.2373728752136,0.010514711029827595,0.009261093102395535,0.011403887532651424,0.01059102506066362,15
1,1677.307214975357,0.011803997680544853,0.01025083102285862,0.01281547686085105,0.011815403712292512,15
1,1675.3770570755005,0.013033212162554264,0.011179403401911259,0.014181503094732761,0.012985716139276822,15
1,1673.446899175644,0.014199849218130112,0.012135157827287912,0.015498654451221228,0.014099562106033166,15
1,1671.5167412757874,0.015222776681184769,0.013100941199809313,0.01677547860890627,0.01516719280431668,15
1,1669.5865833759308,0.016175925731658936,0.014022408053278923,0.01795967575162649,0.016191975896557173,15
1,1667.6564254760742,0.017098957672715187,0.014868049882352352,0.01895421277731657,0.017142433486878873,15
1,1665.7262675762177,0.017937634140253067,0.015583464410156012,0.01981133408844471,0.017962498652438322,15
1,1663.796109676361,0.018606433644890785,0.01614601630717516,0.02050490863621235,0.018627130116025608,15
1,1661.8659517765045,0.019125841557979584,0.016579164192080498,0.021058049984276295,0.019158761265377203,15
1,1659.935793876648,0.01953347772359848,0.01691568549722433,0.021505234763026237,0.019590558608373006,15
1,1658.0056359767914,0.0199311301112175,0.01716931164264679,0.02185984794050455,0.01993541760991017,15
1,1656.0754780769348,0.020355938002467155,0.017358691431581974,0.02213860396295786,0.02020942233502865,15
1,1654.1453201770782,0.020731903612613678,0.01753722969442606,0.022395411506295204,0.02046407721936703,15
1,1652.2151622772217,0.02107597142457962,0.017776879481971264,0.02270706556737423,0.020772337540984155,15
1,1650.285004377365,0.021453281864523888,0.018093792721629143,0.02309279702603817,0.021152043032149473,15
1,1648.3548464775085,0.021867074072360992,0.018454461358487606,0.02351590245962143,0.021567887626588345,15
1,1646.424688577652,0.02222192846238613,0.01884615607559681,0.023961356841027737,0.022005131530265013,15
1,1644.4945306777954,0.022532207891345024,0.019259230233728886,0.02441987209022045,0.022454169765114784,15
1,1642.5643727779388,0.022782543674111366,0.019658741541206837,0.02485490683466196,0.02287957090884447,15
1,1640.6342148780823,0.022994892671704292,0.020019042305648327,0.025237595662474632,0.023253774208327135,15
1,1638.7040569782257,0.023363351821899414,0.02034521847963333,0.02557135559618473,0.02358030385027329,15
1,1636.7738990783691,0.02371073327958584,0.020661073736846447,0.025880757719278336,0.023882878323396046,15
1,1634.8437411785126,0.02405162714421749,0.020977748557925224,0.026179049164056778,0.02417414585749308,15
1,1632.913583278656,0.02436176873743534,0.021265460178256035,0.02643671538680792,0.024425693353017173,15
1,1630.9834253787994,0.024595003575086594,0.021481276489794254,0.026608146727085114,0.02459389145175616,15
1,1629.0532674789429,0.02472788468003273,0.021609787829220295,0.026675899513065815,0.024662228673696517,15
1,1627.1231095790863,0.024765778332948685,0.021512185223400593,0.026649984531104565,0.02464073697725932,15
1,1625.1929516792297,0.024725181981921196,0.021325070410966873,0.026548855006694794,0.024547842144966126,15
1,1623.2627937793732,0.024610735476017,0.021095271222293377,0.026411033235490322,0.02440282665193081,15
1,1621.3326358795166,0.02440546080470085,0.02083982340991497,0.02633371204137802,0.024223578969637553,15
1,1619.40247797966,0.02417345903813839,0.020568814128637314,0.026230710558593273,0.024020687863230705,15
1,1617.4723200798035,0.023932145908474922,0.020297535695135593,0.026119803078472614,0.02381158508360386,15
1,1615.542162179947,0.023891491815447807,0.02014295756816864,0.02595344092696905,0.02362457091609637,15
1,1613.6120042800903,0.02378583326935768,0.020278822630643845,0.0256947074085474,0.023471434538563093,15
1,1611.6818463802338,0.023656407371163368,0.02043301146477461,0.025461764074862003,0.023343514651060104,15
1,1609.7516884803772,0.02350824885070324,0.02060241997241974,0.02525629848241806,0.023241014033555985,15
1,1607.8215305805206,0.023332582786679268,0.020837340503931046,0.025085987523198128,0.023171146834890046,15
1,1605.891372680664,0.02319606952369213,0.021152048371732235,0.02494288608431816,0.02312652717034022,15
1,1603.9612147808075,0.023091642186045647,0.02146174106746912,0.024820275604724884,0.023099503790338833,15
1,1602.031056880951,0.02302996627986431,0.02177215088158846,0.024924349039793015,0.02309944642086824,15
1,1600.1008989810944,0.023002635687589645,0.022075225599110126,0.024957763962447643,0.023118480294942855,15
1,1598.1707410812378,0.022963987663388252,0.022318861447274685,0.024852430447936058,0.023113117242852848,15
1,1596.2405831813812,0.02286447584629059,0.022394760511815548,0.024678907357156277,0.023035283510883648,15
1,1594.3104252815247,0.02288445085287094,0.022293763235211372,0.02441483922302723,0.022862202301621438,15
1,1592.380267381668,0.022662587463855743,0.022065731696784496,0.024047796614468098,0.02258101056019465,15
1,1590.4501094818115,0.022122250869870186,0.02169017307460308,0.023556501604616642,0.022171194727222125,15
1,1588.519951581955,0.021554986014962196,0.021142748184502125,0.022914893925189972,0.021608196074763934,15
1,1586.5897936820984,0.020876342430710793,0.0204110499471426,0.02216434571892023,0.02089049288382133,15
1,1584.6596357822418,0.020071817561984062,0.019504335708916187,0.021337023936212063,0.020055760939915974,15
1,1582.7294778823853,0.019179122522473335,0.018530335277318954,0.020397262647747993,0.019140624068677427,15
1,1580.7993199825287,0.018216434866189957,0.017508184537291527,0.01934474427253008,0.018163284473121166,15
1,1578.8691620826721,0.0172031931579113,0.01645822264254093,0.018227136693894863,0.017142487006882826,15
1,1576.9390041828156,0.016189778223633766,0.015367752872407436,0.01711653545498848,0.016109287428359192,15
1,1575.008846282959,0.015204486437141895,0.014265055302530527,0.016021292190998793,0.015089164301753045,15
1,1573.0786883831024,0.01412095408886671,0.01322240848094225,0.01493300125002861,0.014077372786899408,15
1,1571.1485304832458,0.013203460723161697,0.012160524260252714,0.013898521661758423,0.01306200282027324,15
1,1569.2183725833893,0.012253743596374989,0.011088908649981022,0.01287345215678215,0.012053157823781172,15
1,1567.2882146835327,0.011217101477086544,0.010028335265815258,0.011913189198821783,0.011070858935515087,15
1,1565.3580567836761,0.01021418534219265,0.008989817928522825,0.01101158931851387,0.010131030157208443,15
1,1563.4278988838196,0.009263412095606327,0.007920109201222658,0.010097614955157042,0.009252412617206574,15
1,1561.497740983963,0.008392582647502422,0.007255972130224109,0.009276466444134712,0.008462646945069234,15
1,1559.5675830841064,0.007643645629286766,0.006689906818792224,0.008600888308137655,0.007801938677827517,15
1,1557.6374251842499,0.007052686996757984,0.006243912968784571,0.008131170412525535,0.0073188499857982,15
1,1555.7072672843933,0.006690510082989931,0.005963785341009498,0.00782545655965805,0.006998964740584294,15
1,1553.7771093845367,0.006413825321942568,0.005745825124904513,0.007679945090785623,0.006764804354558388,15
1,1551.8469514846802,0.00618702732026577,0.005397309083491564,0.007681413786485791,0.006579088140279054,15
1,1549.9167935848236,0.005938389804214239,0.005089072976261377,0.007687694858759642,0.006418536230921745,15
1,1547.986635684967,0.005721684079617262,0.004782533971592784,0.007657030364498496,0.006240650142232577,15
1,1546.0564777851105,0.005501090083271265,0.004533241502940655,0.007549496367573738,0.006004592000196377,15
1,1544.126319885254,0.005174224730581045,0.004250769969075918,0.007359859999269247,0.005707333485285441,15
1,1542.1961619853973,0.004849029239267111,0.003972514998167753,0.007135313004255295,0.005403300172959765,15
1,1540.2660040855408,0.004602269735187292,0.003765844739973545,0.006942533189430833,0.00516772826667875,15
1,1538.3358461856842,0.004436529241502285,0.003596230875700712,0.006785824196413159,0.0050056907736385865,15
1,1536.4056882858276,0.004259326960891485,0.003431210876442492,0.006595388986170292,0.00483910774346441,15
1,1534.475530385971,0.004000423476099968,0.00323204486630857,0.006329890573397279,0.004623125315022966,15
1,1532.5453724861145,0.003730836557224393,0.0030005788430571556,0.005994196515530348,0.0043591939223309355,15
1,1530.615214586258,0.0034424737095832825,0.002733842236921191,0.00559075572527945,0.004045844008214772,15
1,1528.6850566864014,0.003086159937083721,0.002409274224191904,0.005103944567963481,0.003661066798182825,15
1,1526.7548987865448,0.002643524669110775,0.002014546887949109,0.004525024443864822,0.003191365806075434,15
1,1524.8247408866882,0.0021348008885979652,0.0015740578528493643,0.003879401949234307,0.0026611558239286143,15
1,1522.8945829868317,0.0016118783969432116,0.0011382772354409099,0.0032173163490369916,0.0021229138888884335,15
1,1520.964425086975,0.0011319267796352506,7.597465883009136e-4,0.002590955700725317,0.0016318332966572294,15
1,1519.0342671871185,7.47858954127878e-4,4.856952728005126e-4,0.00204714247956872,0.0012376716467163837,15
1,1517.104109287262,5.027804872952402e-4,3.531679540174082e-4,0.001622813695576042,9.800045290224565e-4,15
1,1515.1739513874054,4.1222493746317923e-4,3.68071036064066e-4,0.0013298426638357341,8.71204761400198e-4,15
1,1513.2437934875488,5.281043704599142e-4,4.7115382039919496e-4,0.0011839367216452956,8.926207257900387e-4,15
1,1511.3136355876923,8.348746341653168e-4,7.36445130314678e-4,0.0011479586246423423,0.0010127478085147838,15
1,1509.3834776878357,0.0011191400699317455,9.85617924015969e-4,0.001245443883817643,0.0012048030349736413,15
1,1507.4533197879791,0.001291824970394373,0.0011615148396231234,0.0017239993903785944,0.001482131277831892,15
1,1505.5231618881226,0.0017264646012336016,0.001504591666162014,0.002363697742111981,0.0018795476915935674,15
1,1503.593003988266,0.002228799508884549,0.0019354159012436867,0.002944079344160855,0.0023615751803542175,15
1,1501.6628460884094,0.002766495104879141,0.002415158785879612,0.0036149085499346256,0.0028914358001202343,15
1,1499.7326881885529,0.003337109461426735,0.002914097742177546,0.0044054624158889055,0.0034734641124183935,15
1,1497.8025302886963,0.003980264998972416,0.003454384976066649,0.005271435249596834,0.004127905331552028,15
1,1495.8723723888397,0.004676659591495991,0.003988488228060305,0.0062179770320653915,0.004862392554059625,15
1,1493.9422144889832,0.00539415143430233,0.004567408934235573,0.00719966646283865,0.0056376028805971146,15
1,1492.0120565891266,0.006065338850021362,0.005118826869875193,0.008136337157338858,0.006380065313229958,15
1,1490.08189868927,0.006700664293020964,0.005649531492963433,0.008984024170786142,0.0070479128044098616,15
1,1488.1517407894135,0.007284472230821848,0.006191939348354936,0.009752730373293161,0.0076536780844132105,15
1,1486.2215828895569,0.007791757583618164,0.0066734072752296925,0.01039970526471734,0.008185508940368891,15
1,1484.2914249897003,0.00818096473813057,0.007048375206068158,0.010901135858148336,0.008598813228309155,15
1,1482.3612670898438,0.008433984592556953,0.007252306444570422,0.011233625933527946,0.00887328175206979,15
1,1480.4311091899872,0.00857491884380579,0.007278244011104107,0.01142298523336649,0.009033966964731613,15
1,1478.5009512901306,0.008643247187137604,0.00723521807231009,0.01151474192738533,0.00912303508569797,15
1,1476.570793390274,0.008679922670125961,0.0071690622717142105,0.01155646936967969,0.009183803852647544,15
1,1474.6406354904175,0.008730878122150898,0.007130683399736881,0.01160149835050106,0.009264681364099185,15
1,1472.710477590561,0.008835585787892342,0.00716379308141768,0.011697129346430302,0.009407233167439698,15
1,1470.7803196907043,0.008995875716209412,0.007332542212679982,0.011848761700093746,0.009612315986305475,15
1,1468.8501617908478,0.009191250428557396,0.00759442918933928,0.012017305474728346,0.009839108865708112,15
1,1466.9200038909912,0.009572473354637623,0.007854281924664974,0.012176509946584702,0.010060470178723335,15
1,1464.9898459911346,0.009955375455319881,0.00813338067382574,0.012350532226264477,0.010297806871434053,15
1,1463.059688091278,0.010223724879324436,0.008444833103567362,0.012572730891406536,0.010601642572631438,15
1,1461.1295301914215,0.010593307204544544,0.008773279841989279,0.01289288466796279,0.011001312173902988,15
1,1459.199372291565,0.011057070456445217,0.009207186289131641,0.013316675554960966,0.011490417458117009,15
1,1457.2692143917084,0.01160499732941389,0.0097176069393754,0.013861435931175947,0.012058467790484428,15
1,1455.3390564918518,0.012250478379428387,0.010311270132660866,0.01455055084079504,0.012719176399211088,15
1,1453.4088985919952,0.012963656336069107,0.010960458777844906,0.015291670337319374,0.013445379957556725,15
1,1451.4787406921387,0.013685270212590694,0.011611276771873236,0.016053058207035065,0.014179539618392785,15
1,1449.548582792282,0.014370696619153023,0.012233905494213104,0.016787930391728878,0.014877636482318242,15
1,1447.6184248924255,0.014990441501140594,0.012814820744097233,0.017470956780016422,0.01551064606755972,15
1,1445.688266992569,0.015527436509728432,0.013308863155543804,0.01808824297040701,0.01606178128470977,15
1,1443.7581090927124,0.015970299020409584,0.013707024045288563,0.01860697939991951,0.016519601332644622,15
1,1441.8279511928558,0.016305973753333092,0.013998795300722122,0.019012201577425003,0.016870639535288015,15
1,1439.8977932929993,0.016521871089935303,0.014173735398799181,0.019288678653538227,0.01710116316874822,15
1,1437.9676353931427,0.01662445068359375,0.014239545445889235,0.01943991146981716,0.017215587384998798,15
1,1436.0374774932861,0.016644079238176346,0.014227630570530891,0.019494231790304184,0.017242534458637236,15
1,1434.1073195934296,0.016607951372861862,0.014166956767439842,0.01947771478444338,0.017208705532054107,15
1,1432.177161693573,0.016528956592082977,0.014072155114263296,0.01940196193754673,0.017126506629089513,15
1,1430.2470037937164,0.016419097781181335,0.013956456910818815,0.01928648818284273,0.01700704526156187,15
1,1428.3168458938599,0.01628514938056469,0.013827929273247719,0.01913238689303398,0.0168568912272652,15
1,1426.3866879940033,0.01611536368727684,0.013676281552761793,0.018927049823105335,0.016665038466453553,15
1,1424.4565300941467,0.015885811299085617,0.013478466309607029,0.01864699088037014,0.0164083423713843,15
1,1422.5263721942902,0.015591850504279137,0.013228731695562601,0.018286002799868584,0.016081695879499116,15
1,1420.5962142944336,0.015271266922354698,0.012961596250534058,0.01790781132876873,0.01572142026076714,15
1,1418.666056394577,0.014983956702053547,0.012733608484268188,0.01754977833479643,0.015387345477938652,15
1,1416.7358984947205,0.014768964610993862,0.01258191792294383,0.017254468984901905,0.01512129499266545,15
1,1414.805740594864,0.014622550457715988,0.01250138832256198,0.017025276087224483,0.014922844680647055,15
1,1412.8755826950073,0.014526539482176304,0.012471734546124935,0.01684614922851324,0.014775676963229975,15
1,1410.9454247951508,0.014465360902249813,0.012475182302296162,0.016703584231436253,0.014665991192062695,15
1,1409.0152668952942,0.014414994046092033,0.012485993560403585,0.016572839580476284,0.0145721015209953,15
1,1407.0851089954376,0.014349608682096004,0.012476691510528326,0.016420344822108746,0.014469738490879536,15
1,1405.154951095581,0.014272831380367279,0.012448790483176708,0.01626494387164712,0.014362986634174983,15
1,1403.2247931957245,0.014203217811882496,0.012438215781003237,0.01612821128219366,0.01427115419258674,15
1,1401.294635295868,0.014151589013636112,0.012439207639545202,0.016023776028305292,0.014205680415034293,15
1,1399.3644773960114,0.01412796787917614,0.012449638452380896,0.01596295600757003,0.014176378647486368,15
1,1397.4343194961548,0.01415297668427229,0.012487806379795074,0.015967239625751972,0.01420314759016037,15
1,1395.5041615962982,0.014251931570470333,0.012578012887388468,0.016063418239355087,0.014310749930640061,15
1,1393.5740036964417,0.014434929005801678,0.0127303721383214,0.016263067722320557,0.014509277480343977,15
1,1391.643845796585,0.014687862247228622,0.012931328732520342,0.01660332176834345,0.014784772694110871,15
1,1389.7136878967285,0.014984884299337864,0.013155927881598473,0.017004817724227905,0.015110815999408563,15
1,1387.783529996872,0.015303978696465492,0.013383720070123672,0.017435112036764622,0.015463845866421858,15
1,1385.8533720970154,0.01563524454832077,0.013607547152787447,0.017884911969304085,0.01583185475319624,15
1,1383.9232141971588,0.01597443036735058,0.013836987782269716,0.018345319665968418,0.016208814022441707,15
1,1381.9930562973022,0.01631072908639908,0.014081362169235945,0.018801137804985046,0.016582605056464673,15
1,1380.0628983974457,0.016631659120321274,0.014309223275631666,0.019235809333622456,0.016939450055360794,15
1,1378.132740497589,0.016933569684624672,0.014519045129418373,0.019642039202153683,0.01727423251916965,15
1,1376.2025825977325,0.017223188653588295,0.014718936290591955,0.020023655146360397,0.017592266015708447,15
1,1374.272424697876,0.01751035824418068,0.014920007903128862,0.02038908377289772,0.017902836203575134,15
1,1372.3422667980194,0.017791634425520897,0.015120753087103367,0.020735125057399273,0.01820355299860239,15
1,1370.4121088981628,0.01803862676024437,0.015294704586267471,0.021033872850239277,0.01846765788892905,15
1,1368.4819509983063,0.018216729164123535,0.015407835599035025,0.021250395104289055,0.018660884785155454,15
1,1366.5517930984497,0.018314378336071968,0.015447802376002073,0.021372959949076176,0.018770897202193736,15
1,1364.6216351985931,0.018346816301345825,0.015428581275045872,0.02141763549298048,0.018812249600887298,15
1,1362.6914772987366,0.018344393000006676,0.01537961047142744,0.02141647133976221,0.01881519431869189,15
1,1360.76131939888,0.018334077671170235,0.015327996108680964,0.021416674368083477,0.01880766488611698,15
1,1358.8311614990234,0.018323427066206932,0.015298067592084408,0.021442053839564323,0.018798836693167686,15
1,1356.9010035991669,0.018308022990822792,0.015298615675419569,0.02146134339272976,0.01878554585079352,15
1,1354.9708456993103,0.018288521096110344,0.015310214832425117,0.021475832909345627,0.01876929309219122,15
1,1353.0406877994537,0.018274493515491486,0.01533083850517869,0.02149661537259817,0.01876074659327666,15
1,1351.1105298995972,0.018275180831551552,0.015366573818027973,0.021535453386604786,0.01877062227576971,15
1,1349.1803719997406,0.018291084095835686,0.015414448454976082,0.021595080383121967,0.018800838229556877,15
1,1347.250214099884,0.01832679659128189,0.01546402182430029,0.02166956104338169,0.01884531310449044,15
1,1345.3200562000275,0.018413325771689415,0.015507165808230639,0.021753395907580853,0.01889883739252885,15
1,1343.389898300171,0.018527088686823845,0.015548430383205414,0.021851684898138046,0.018966859579086302,15
1,1341.4597404003143,0.01868589036166668,0.015606529545038939,0.021981983445584774,0.019066936522722244,15
1,1339.5295825004578,0.018909338861703873,0.01570435706526041,0.022164858877658844,0.01921924917648236,15
1,1337.5994246006012,0.019202765077352524,0.01585216075181961,0.02240733616054058,0.019430667037765186,15
1,1335.6692667007446,0.019550861790776253,0.016040155664086342,0.022695316933095455,0.019687999474505582,15
1,1333.739108800888,0.019930517300963402,0.016250762157142162,0.023006035014986992,0.019970288686454295,15
1,1331.8089509010315,0.0203243438154459,0.016471868380904198,0.023322314023971558,0.02026217778523763,15
1,1329.878793001175,0.02072155848145485,0.016697690822184086,0.023634218610823154,0.02055496840427319,15
1,1327.9486351013184,0.020981373265385628,0.016922094859182835,0.023932281881570816,0.020839789571861427,15
1,1326.0184772014618,0.021127896383404732,0.01713323127478361,0.024201370775699615,0.02110192384570837,15
1,1324.0883193016052,0.021239623427391052,0.017318091355264187,0.024424447678029537,0.02132503812511762,15
1,1322.1581614017487,0.021310878917574883,0.017472132109105587,0.024592256173491478,0.021500601867834725,15
1,1320.228003501892,0.02134617604315281,0.017600219696760178,0.024705001153051853,0.021629063971340658,15
1,1318.2978456020355,0.021354734897613525,0.017710424028337002,0.024766777642071247,0.021714249749978383,15
1,1316.367687702179,0.021341798827052116,0.017805210314691067,0.024777455255389214,0.02175548387070497,15
1,1314.4375298023224,0.02130148373544216,0.01787505019456148,0.024726863019168377,0.021742275667687258,15
1,1312.5073719024658,0.021220335736870766,0.017903704196214676,0.024600117467343807,0.021659845610459645,15
1,1310.5772140026093,0.02108929306268692,0.01788034848868847,0.024389775469899178,0.02150055089344581,15
1,1308.6470561027527,0.020907722413539886,0.017802294343709946,0.02409859374165535,0.021266037474075954,15
1,1306.7168982028961,0.02068009041249752,0.017671430483460426,0.02373546827584505,0.020963471941649915,15
1,1304.7867403030396,0.020414086058735847,0.01749294251203537,0.023313360288739204,0.02060389475276073,15
1,1302.856582403183,0.020119676366448402,0.017274873331189156,0.022848157212138176,0.02020120577265819,15
1,1300.9264245033264,0.019807985052466393,0.01702714152634144,0.02234569564461708,0.019770761393010615,15
1,1298.9962666034698,0.01949118636548519,0.016761414706707,0.021830872632563114,0.01932905459155639,15
1,1297.0661087036133,0.01896122470498085,0.016491827555000782,0.021329243667423725,0.018894170969724657,15
1,1295.1359508037567,0.01845451444387436,0.016232931055128574,0.020859654992818832,0.018483518995344637,15
1,1293.2057929039001,0.017987538129091263,0.015993185341358185,0.02043340913951397,0.0181074691315492,15
1,1291.2756350040436,0.017560439184308052,0.01577001577243209,0.02004933450371027,0.017764768687387307,15
1,1289.345477104187,0.017166582867503166,0.01555501390248537,0.01969903986901045,0.017447887112696965,15
1,1287.4153192043304,0.01685258373618126,0.01534501975402236,0.019378427416086197,0.01715392122666041,15
1,1285.4851613044739,0.016612175852060318,0.015143247786909342,0.019089131616055965,0.016885561558107536,15
1,1283.5550034046173,0.016396263614296913,0.01495300978422165,0.01883200742304325,0.01664470018198093,15
1,1281.6248455047607,0.016204865649342537,0.014775508549064398,0.018604667857289314,0.016430092602968217,15
1,1279.6946876049042,0.01603672094643116,0.01461145281791687,0.01840319763869047,0.016239064062635103,15
1,1277.7645297050476,0.015890926122665405,0.014462428167462349,0.018223989754915237,0.016069309040904044,15
1,1275.834371805191,0.01576733961701393,0.014331089332699776,0.01806453336030245,0.015919619984924794,15
1,1273.9042139053345,0.015666529536247253,0.014220940414816141,0.01792373787611723,0.01579002340634664,15
1,1271.974056005478,0.015589118003845215,0.01413535000756383,0.017801370471715927,0.01568106667449077,15
1,1270.0438981056213,0.015534265898168087,0.014075662475079298,0.017696582712233067,0.015592269226908683,15
1,1268.1137402057648,0.015498978085815907,0.014040484093129635,0.01760724652558565,0.0155214861035347,15
1,1266.1835823059082,0.015478918328881264,0.014026680495589972,0.01753052044659853,0.015465557513137659,15
1,1264.2534244060516,0.015469757840037346,0.014030639082193375,0.01746363379061222,0.015421216997007528,15
1,1262.323266506195,0.01546892337501049,0.01404991652816534,0.01740526407957077,0.01538653348882993,15
1,1260.3931086063385,0.015476015396416187,0.014077670406550169,0.017356185242533684,0.015361552064617475,15
1,1258.462950706482,0.015490411780774593,0.014096892904490232,0.017313863150775433,0.015346260803441206,15
1,1256.5327928066254,0.015509040094912052,0.014124173205345869,0.017278725281357765,0.015338229636351267,15
1,1254.6026349067688,0.015526767820119858,0.014154857490211725,0.01723743975162506,0.01533257228632768,15
1,1252.6724770069122,0.015537507832050323,0.014183256775140762,0.017173643223941326,0.015322902301947276,15
1,1250.7423191070557,0.015534436330199242,0.014202759135514498,0.017097143456339836,0.015301708752910296,15
1,1248.812161207199,0.015510151162743568,0.014206014107912779,0.016998009756207466,0.015260695293545724,15
1,1246.8820033073425,0.015457834117114544,0.014186018146574497,0.016866790130734444,0.015192051542301972,15
1,1244.951845407486,0.01537299808114767,0.014075634069740772,0.016696671023964882,0.015090319700539112,15
1,1243.0216875076294,0.0152538837864995,0.01390615850687027,0.016484580002725124,0.014952946268022061,15
1,1241.0915296077728,0.015100104734301567,0.013695080298930407,0.01623028703033924,0.014779036802550157,15
1,1239.1613717079163,0.01491173729300499,0.013442513067275286,0.015935362316668034,0.014568571994702021,15
1,1237.2312138080597,0.014690098352730274,0.013150658458471298,0.015542623586952686,0.01432327249397834,15
1,1235.3010559082031,0.014438861981034279,0.012824808713048697,0.015157325193285942,0.014047579901913802,15
1,1233.3708980083466,0.014164263382554054,0.012473199516534805,0.014841212425380945,0.01374857829262813,15
1,1231.44074010849,0.01385142095386982,0.012106058653444052,0.014519092161208391,0.013435191350678603,15
1,1229.5105822086334,0.01345106028020382,0.011745256371796131,0.014201133046299219,0.013117178964118162,15
1,1227.5804243087769,0.013197687454521656,0.01143245492130518,0.013897256460040808,0.012804255075752734,15
1,1225.6502664089203,0.012945115566253662,0.011176653672009706,0.013616052456200123,0.012505096197128297,15
1,1223.7201085090637,0.012594260275363922,0.010945180431008339,0.01336347684264183,0.012225899783273538,15
1,1221.7899506092072,0.012248502112925053,0.010731146205216646,0.013142183888703585,0.011969691514968872,15
1,1219.8597927093506,0.01192126702517271,0.01053501246497035,0.012952408287674189,0.011737403459846973,15
1,1217.929634809494,0.011612290516495705,0.010356721468269825,0.01279306411743164,0.011528934724628926,15
1,1215.9994769096375,0.011474858969449997,0.010195259004831314,0.012661498039960861,0.011342603030304115,15
1,1214.0693190097809,0.011403541080653667,0.010047462303191423,0.012544766534119844,0.011173964664340019,15
1,1212.1391611099243,0.011355399154126644,0.009907436091452837,0.012418761849403381,0.01101510189473629,15
1,1210.2090032100677,0.011271167546510696,0.009766931645572186,0.012291433289647102,0.010854850150644779,15
1,1208.2788453102112,0.011085251346230507,0.00961659150198102,0.012146337889134884,0.01068051668504874,15
1,1206.3486874103546,0.01088645774871111,0.009448096621781588,0.011969123035669327,0.01048096213489771,15
1,1204.418529510498,0.010671628639101982,0.009256734978407621,0.011751532554626465,0.010249902370075385,15
1,1202.4883716106415,0.010442215949296951,0.008950486313551664,0.011494139209389687,0.009988079189012448,15
1,1200.558213710785,0.01018715463578701,0.008619335014373064,0.011207175441086292,0.009703901565323273,15
1,1198.6280558109283,0.009915639646351337,0.0082424054853618145,0.010909603908658028,0.009412813217689593,15
1,1196.6978979110718,0.009660635143518448,0.007835423108190298,0.010626595001667738,0.009135409630835057,15
1,1194.7677400112152,0.009442893788218498,0.007469860836863518,0.010386332403868437,0.00889487648382783,15
1,1192.8375821113586,0.009283565916121006,0.007170903496444225,0.010217385832220316,0.008714893211921057,15
1,1190.907424211502,0.009202949702739716,0.006963242776691914,0.010146749671548605,0.008618238723526399,15
1,1188.9772663116455,0.009219611994922161,0.006896141683682799,0.010198349598795176,0.008625659874329965,15
1,1187.047108411789,0.009349356405436993,0.006944396533071995,0.010391978081315756,0.008754694741219282,15
1,1185.1169505119324,0.009514001198112965,0.007101817522197962,0.01074189180508256,0.009018176949272554,15
1,1183.1867926120758,0.009756219573318958,0.007450687466189265,0.011255025863647461,0.00942274322733283,15
1,1181.2566347122192,0.010087279602885246,0.007959415204823017,0.012080753222107887,0.009968007449060678,15
1,1179.3264768123627,0.010500314645469189,0.008621864952147007,0.012866770382970572,0.01064623820905884,15
1,1177.396318912506,0.010983887128531933,0.009418546222150326,0.013715910259634256,0.011442230983326833,15
1,1175.4661610126495,0.011522002518177032,0.010258320719003677,0.01478129019960761,0.012333631360282501,15
1,1173.536003112793,0.01235614437609911,0.011164136696606874,0.015917615965008736,0.013291364846130213,15
1,1171.6058452129364,0.013699650764465332,0.012030224781483412,0.01704403106123209,0.014279730307559172,15
1,1169.6756873130798,0.015054039657115936,0.012624772265553474,0.018108893185853958,0.01525725486377875,15
1,1167.7455294132233,0.016311652958393097,0.013210652396082878,0.01910535618662834,0.016179324562350907,15
1,1165.8153715133667,0.017088500782847404,0.013781244400888681,0.019985594786703587,0.01700211546073357,15
1,1163.8852136135101,0.01770823262631893,0.01425747899338603,0.020707993768155575,0.017686885719498,15
1,1161.9550557136536,0.018115663900971413,0.01461858069524169,0.021241568960249424,0.018204011333485443,15
1,1160.024897813797,0.018394721671938896,0.014852145221084356,0.021512625738978386,0.018535914892951647,15
1,1158.0947399139404,0.01853937841951847,0.01495479280129075,0.021584019996225834,0.018678085443874202,15
1,1156.1645820140839,0.018552666530013084,0.014931599609553814,0.021541202440857887,0.018638526213665803,15
1,1154.2344241142273,0.0184461809694767,0.014795288443565369,0.02132852841168642,0.018436635223527748,15
1,1152.3042662143707,0.01823919452726841,0.014565192628651857,0.02095859218388796,0.018101551011204718,15
1,1150.3741083145142,0.017901288345456123,0.014265587087720633,0.020474378019571304,0.017669519409537315,15
1,1148.4439504146576,0.0174659825861454,0.01392401335760951,0.01992373075336218,0.017181092997392018,15
1,1146.513792514801,0.017013289034366608,0.013570189010351896,0.019357066601514816,0.01667927820235491,15
1,1144.5836346149445,0.016583671793341637,0.01323501393198967,0.018826238811016083,0.016208266404767833,15
1,1142.653476715088,0.016217289492487907,0.012949083000421524,0.01838273275643587,0.015811753955980144,15
1,1140.7233188152313,0.015951940789818764,0.01274088816717267,0.018075009807944298,0.01553068949530522,15
1,1138.7931609153748,0.0158208180218935,0.012635177932679653,0.01794559694826603,0.015400811719397703,15
1,1136.8630030155182,0.01585042104125023,0.012651515658944845,0.018023662269115448,0.015450217202305794,15
1,1134.9328451156616,0.016058623790740967,0.012802836019545794,0.018343250267207623,0.015697125407556693,15
1,1133.002687215805,0.016453206539154053,0.013094308786094189,0.018899088725447655,0.016148408750693004,15
1,1131.0725293159485,0.017031680792570114,0.01352315116673708,0.019689167849719524,0.016799582354724407,15
1,1129.142371416092,0.017782064154744148,0.014079208485782146,0.02069383580237627,0.01763576759646336,15
1,1127.2122135162354,0.01854724995791912,0.014745607040822506,0.02188632544130087,0.0186324592679739,15
1,1125.2820556163788,0.019378352910280228,0.015499801840633154,0.023224787786602974,0.01975656362871329,15
1,1123.3518977165222,0.020814917981624603,0.01631562877446413,0.024665063247084618,0.020968935328225295,15
1,1121.4217398166656,0.021972177550196648,0.017199561931192875,0.026159335859119892,0.022227829694747923,15
1,1119.491581916809,0.02314026467502117,0.01814399193972349,0.02766004391014576,0.02349185533821583,15
1,1117.5614240169525,0.024283327162265778,0.019071058370172977,0.02912174630910158,0.024721686790386836,15
1,1115.631266117096,0.02536783553659916,0.019955777563154697,0.03050221223384142,0.02588077113032341,15
1,1113.7011082172394,0.026363207027316093,0.020775488577783108,0.03176387771964073,0.02693627178668976,15
1,1111.7709503173828,0.027243494987487793,0.02151137124747038,0.03287641517817974,0.027861152961850166,15
1,1109.8407924175262,0.027989760041236877,0.02220917586237192,0.03381912037730217,0.028636326640844346,15
1,1107.9106345176697,0.028590893372893333,0.02279134839773178,0.034581100568175316,0.02925100326538086,15
1,1105.980476617813,0.029042484238743782,0.023249244317412376,0.035159533843398094,0.029701494425535203,15
1,1104.0503187179565,0.029345955699682236,0.023583896458148956,0.0355583094060421,0.02999054069320361,15
1,1102.1201608181,0.029509635642170906,0.02380237728357315,0.03576049394905567,0.030128322541713715,15
1,1100.1900029182434,0.029550136998295784,0.023918503895401955,0.03568939492106438,0.030133770654598872,15
1,1098.2598450183868,0.029492057859897614,0.023952324874699116,0.03549467958509922,0.030034273241957028,15
1,1096.3296871185303,0.029366014525294304,0.02393191773444414,0.03521913290023804,0.029863751555482546,15
1,1094.3995292186737,0.02920631319284439,0.023930469527840614,0.03491058945655823,0.029660319909453392,15
1,1092.4693713188171,0.02904895320534706,0.023931593634188175,0.03461909480392933,0.02946399375796318,15
1,1090.5392134189606,0.028929805383086205,0.02396121621131897,0.034394025802612305,0.029314237212141356,15
1,1088.609055519104,0.028882859274744987,0.024042898789048195,0.034281257539987564,0.029247697815299033,15
1,1086.6788976192474,0.02893867716193199,0.024197068065404892,0.03432092070579529,0.029296650985876718,15
1,1084.7487397193909,0.029122935608029366,0.02444055676460266,0.03454531729221344,0.029487685362497965,15
1,1082.8185818195343,0.029454240575432777,0.024785423651337624,0.03497622162103653,0.029839640359083812,15
1,1080.8884239196777,0.0299417395144701,0.025162318721413612,0.03562243841588497,0.030361379931370416,15
1,1078.9582660198212,0.03058443032205105,0.025639393366873264,0.03647940792143345,0.031051135063171385,15
1,1077.0281081199646,0.0313727967441082,0.02622000966221094,0.03753114864230156,0.0318979245920976,15
1,1075.097950220108,0.032291311770677567,0.02689340990036726,0.038753336295485497,0.03288403463860353,15
1,1073.1677923202515,0.0333205908536911,0.027646427042782307,0.040116216987371445,0.03398736591140429,15
1,1071.237634420395,0.034438494592905045,0.02846377994865179,0.04158632829785347,0.03518273668984572,15
1,1069.3074765205383,0.035620469599962234,0.02932820748537779,0.04312741197645664,0.0364425353705883,15
1,1067.3773186206818,0.036840178072452545,0.03022125456482172,0.04470171593129635,0.03773768494526545,15
1,1065.4471607208252,0.03807055577635765,0.03112405352294445,0.04627116583287716,0.03903858040769895,15
1,1063.5170028209686,0.0392841100692749,0.03201723098754883,0.047797443345189095,0.040315096452832225,15
1,1061.586844921112,0.04045284539461136,0.03288085386157036,0.04924255795776844,0.04153675896426042,15
1,1059.6566870212555,0.04155026748776436,0.033696124330163,0.050572263076901436,0.04267520358165105,15
1,1057.726529121399,0.04255547747015953,0.03444810025393963,0.051761046051979065,0.04370825526614984,15
1,1055.7963712215424,0.04345612972974777,0.03512750566005707,0.05279521830379963,0.044622770696878436,15
1,1053.8662133216858,0.04424808546900749,0.035730788484215736,0.053672417998313904,0.04541448106368383,15
1,1051.9360554218292,0.04493314027786255,0.03625928424298763,0.05439889058470726,0.046085959672927855,15
1,1050.0058975219727,0.045517146587371826,0.03671833127737045,0.05498680844902992,0.04664472627143065,15
1,1048.075739622116,0.04600910469889641,0.03711623139679432,0.055452266708016396,0.04710193028052648,15
1,1046.1455817222595,0.046420302242040634,0.037462593987584114,0.055813347920775414,0.047470896318554875,15
1,1044.215423822403,0.04676292836666107,0.03776640258729458,0.05608796142041683,0.047765373686949414,15
1,1042.2852659225464,0.047048166394233704,0.03803476318717003,0.05629178509116173,0.047997855519255,15
1,1040.3551080226898,0.04728420451283455,0.03827235847711563,0.05643628537654877,0.0481778750816981,15
1,1038.4249501228333,0.047474440187215805,0.03848079591989517,0.05652693845331669,0.04831034516294797,15
1,1036.4947922229767,0.04761665686964989,0.03865800239145756,0.05656267702579498,0.048394788925846415,15
1,1034.5646343231201,0.04770418256521225,0.03879871033132076,0.056537432596087456,0.048426430920759836,15
1,1032.6344764232635,0.0477287732064724,0.038896238431334496,0.05644312687218189,0.048398687069614726,15
1,1030.704318523407,0.04768340662121773,0.03894446790218353,0.05627257004380226,0.048305700346827504,15
1,1028.7741606235504,0.04756372421979904,0.03893911466002464,0.05602147988975048,0.04814409874379635,15
1,1026.8440027236938,0.04736849665641785,0.03887809067964554,0.05568942241370678,0.047913721824685736,15
1,1024.9138448238373,0.047099631279706955,0.038761187344789505,0.05527975969016552,0.04761732667684555,15
1,1022.9836869239807,0.04676195606589317,0.03858988918364048,0.05479907616972923,0.04726003867884477,15
1,1021.0535290241241,0.04636266082525253,0.038367435336112976,0.05425645969808102,0.04684889378647009,15
1,1019.1233711242676,0.04591020941734314,0.038098303601145744,0.05366239510476589,0.04639201189080874,15
1,1017.193213224411,0.04541346803307533,0.037787456065416336,0.053027981892228127,0.04589783164362113,15
1,1015.2630553245544,0.044881995767354965,0.03744056820869446,0.05236552283167839,0.04537541357179483,15
1,1013.3328974246979,0.0443270280957222,0.037064818665385246,0.051689498126506805,0.0448353269447883,15
1,1011.4027395248413,0.043761443346738815,0.03666866384446621,0.05101580731570721,0.0442894171923399,15
1,1009.4725816249847,0.043198104947805405,0.036260487511754036,0.05035918392241001,0.04374903365969658,15
1,1007.5424237251282,0.04264749214053154,0.03584723360836506,0.04973040334880352,0.04322284124791622,15
1,1005.6122658252716,0.0421164445579052,0.035433677956461906,0.04913473501801491,0.042715620373686154,15
1,1003.682107925415,0.041608065366744995,0.035022156313061714,0.048571910709142685,0.04222827988366286,15
1,1001.7519500255585,0.04112191125750542,0.03461248427629471,0.048036880791187286,0.041758297259608904,15
1,999.8217921257019,0.04065418615937233,0.034202054142951965,0.047520946711301804,0.04130023630956809,15
1,997.8916342258453,0.04019816964864731,0.03378618322312832,0.04701305739581585,0.040846415981650355,15
1,995.9614763259888,0.039744652807712555,0.03335862047970295,0.04650046117603779,0.04038734423617522,15
1,994.0313184261322,0.03928208351135254,0.03291190788149834,0.045993905514478683,0.039911624913414316,15
1,992.1011605262756,0.038796499371528625,0.032437315210700035,0.045501865446567535,0.039405883227785425,15
1,990.1710026264191,0.03827206417918205,0.03192477859556675,0.04495709761977196,0.038855282093087834,15
1,988.2408447265625,0.03769238293170929,0.03136356733739376,0.04434065893292427,0.03824453068276246,15
1,986.3106868267059,0.037042099982500076,0.030743508599698544,0.04363434948027134,0.03755901580055555,15
1,984.3805289268494,0.03630824387073517,0.030056288465857506,0.04282253794372082,0.03678629783292611,15
1,982.4503710269928,0.03548187389969826,0.02929692715406418,0.041894836351275444,0.03591835089027882,15
1,980.5202131271362,0.03456020727753639,0.0284650856629014,0.04084855318069458,0.03495370248953501,15
1,978.5900552272797,0.03354763239622116,0.027565311640501022,0.03968941420316696,0.03389790120224158,15
1,976.6598973274231,0.032448478043079376,0.026606133207678795,0.03843017667531967,0.03276210576295853,15
1,974.7297394275665,0.031189216300845146,0.025598456151783466,0.037087589502334595,0.0315605769554774,15
1,972.79958152771,0.03005571849644184,0.024553759954869747,0.03567921556532383,0.030308165897925694,15
1,970.8694236278534,0.028825340792536736,0.02349255420267582,0.034221939742565155,0.02901901975274086,15
1,968.9392657279968,0.027544548735022545,0.022494513541460037,0.03268567658960819,0.02770655763645967,15
1,967.0091078281403,0.026250556111335754,0.021480617113411427,0.03105897828936577,0.02638378975292047,15
1,965.0789499282837,0.024956542998552322,0.020460152067244053,0.029436536133289337,0.0250632144510746,15
1,963.1487920284271,0.02382816933095455,0.019442027434706688,0.0278335465118289,0.023756473263104757,15
1,961.2186341285706,0.0228453129529953,0.018434520810842514,0.026263280771672726,0.022474054681758084,15
1,959.288476228714,0.02187514863908291,0.017445511184632778,0.024725829251110554,0.021225294470787047,15
1,957.3583183288574,0.020923687145113945,0.016482734121382236,0.023082908242940903,0.020018597443898518,15
1,955.4281604290009,0.019791824743151665,0.015553738456219435,0.02148319687694311,0.018861652786533036,15
1,953.4980025291443,0.01854938454926014,0.014665656257420778,0.019977306947112083,0.01776147826264302,15
1,951.5678446292877,0.017389589920639992,0.013824725523591042,0.018572133965790272,0.016724011798699697,15
1,949.6376867294312,0.01631554774940014,0.013035420328378677,0.01740367989987135,0.015753140238424144,15
1,947.7075288295746,0.015326250344514847,0.012299584690481424,0.0164018627256155,0.014849631674587726,15
1,945.777370929718,0.014416120946407318,0.011616194155067205,0.01562696136534214,0.014010804705321789,15
1,943.8472130298615,0.013576154597103596,0.010981780476868153,0.014896968379616737,0.013231150743861993,15
1,941.9170551300049,0.012796067632734776,0.010413571260869503,0.014207289088517427,0.01250365978727738,15
1,939.9868972301483,0.012066814117133617,0.009891995694488287,0.01355340238660574,0.011821652079621952,15
1,938.0567393302917,0.011382825672626495,0.009404984302818775,0.012932117562741041,0.01118070421119531,15
1,936.1265814304352,0.010743132792413235,0.008950433228164911,0.012342446483671665,0.010579804889857769,15
1,934.1964235305786,0.010150735266506672,0.008528153412044048,0.01170101435855031,0.010020976855109135,15
1,932.266265630722,0.009610476903617382,0.008138937409967184,0.011102091986685991,0.009507681243121624,15
1,930.3361077308655,0.009126659482717514,0.0077834781259298325,0.010552017483860254,0.009043120220303536,15
1,928.4059498310089,0.008664277382194996,0.007429195800796151,0.010053780861198902,0.008629175834357738,15
1,926.4757919311523,0.008267305791378021,0.007101311348378658,0.009608940221369267,0.008266422214607399,15
1,924.5456340312958,0.00793848279863596,0.006835426902398467,0.009218809194862843,0.00795501722022891,15
1,922.6154761314392,0.0076782419346272945,0.006630967138335109,0.008884972892701626,0.007695192998896042,15
1,920.6853182315826,0.007486356422305107,0.006486728088930249,0.008608672767877579,0.007486797962337732,15
1,918.7551603317261,0.007361048366874456,0.006330495001748204,0.008390070870518684,0.007328683541466792,15
1,916.8250024318695,0.007298334967344999,0.006196118192747235,0.008227683138102293,0.007218481662372748,15
1,914.8948445320129,0.0072919283993542194,0.006089582806453109,0.00811783317476511,0.007152376199762027,15
1,912.9646866321564,0.007333645597100258,0.00600823387503624,0.008054710924625397,0.007124892467012008,15
1,911.0345287322998,0.0073847402818500996,0.005956519627943635,0.008031121920794249,0.0071291145868599415,15
1,909.1043708324432,0.007389060687273741,0.005951521452516317,0.008035465143620968,0.007157028031845887,15
1,907.1742129325867,0.007579799275845289,0.00596610177308321,0.008039348758757114,0.007199556784083446,15
1,905.2440550327301,0.0076659247279167175,0.006001524860039353,0.008012656588107347,0.007246456357340018,15
1,903.3138971328735,0.007741623092442751,0.0060246281791478395,0.008047876413911581,0.007286310444275538,15
1,901.383739233017,0.007793426979333162,0.006026436807587743,0.008112628478556871,0.007307072884092728,15
1,899.4535813331604,0.0078085437417030334,0.005998733453452587,0.008149686269462109,0.00729737188667059,15
1,897.5234234333038,0.007766328286379576,0.005935061955824494,0.008148872759193182,0.007247836949924628,15
1,895.5932655334473,0.0076659973710775375,0.005831376416608691,0.008074810728430748,0.007152083329856396,15
1,893.6631076335907,0.007530831266194582,0.0056865515653043985,0.007925649639219046,0.007007461103300253,15
1,891.7329497337341,0.007355926092714071,0.005502282176166773,0.00770464981906116,0.006814937728146712,15
1,889.8027918338776,0.007114334497600794,0.005282216472551227,0.007418815745040774,0.0065779785004754865,15
1,887.872633934021,0.00683159613981843,0.005031228065490723,0.007077687885612249,0.006301575278242429,15
1,885.9424760341644,0.006515007931739092,0.004755070898681879,0.006693813484162092,0.005991965377082427,15
1,884.0123181343079,0.006172427907586098,0.004460095427930355,0.006306887604296207,0.005656342767179012,15
1,882.0821602344513,0.0058116549625992775,0.0041548339650034904,0.005950541002675891,0.005302262399345637,15
1,880.1520023345947,0.005363720469176769,0.003853263333439827,0.00558474799618125,0.004937360792731245,15
1,878.2218444347382,0.004894011188298464,0.003571494366042316,0.005176963983103633,0.004569237834463517,15
1,876.2916865348816,0.00443976279348135,0.0032970485044643283,0.004753329791128635,0.004204720817506313,15
1,874.361528635025,0.004017062950879335,0.003033360233530402,0.004367114044725895,0.003849283854166667,15
1,872.4313707351685,0.0036872830241918564,0.002783045987598598,0.003996710060164332,0.0035074401336411634,15
1,870.5012128353119,0.0033687467221170664,0.002548396121710539,0.0036378431832417846,0.00318319962049524,15
2,3399.008061647415,0.03670324757695198,0.03434036951512098,0.04034364875406027,0.03798077069222927,4
2,3397.0779037475586,0.036870794370770454,0.03449564799666405,0.040524025447666645,0.03814887907356024,4
2,3395.147745847702,0.03703784570097923,0.034649879671633244,0.04070438910275698,0.03831642307341099,4
2,3393.2175879478455,0.03720519877970219,0.034803636372089386,0.040885872207582,0.038484309799969196,4
2,3391.287430047989,0.03737316094338894,0.03495787736028433,0.04106853995472193,0.03865325637161732,4
2,3389.3572721481323,0.037540895864367485,0.03511256165802479,0.04125105682760477,0.038822722621262074,4
2,3387.4271142482758,0.03770744800567627,0.03526704106479883,0.041432151570916176,0.03899174463003874,4
2,3385.496956348419,0.0378730408847332,0.03542166668921709,0.041611804626882076,0.03916043043136597,4
2,3383.5667984485626,0.038039153441786766,0.03557812515646219,0.04179117362946272,0.039330145344138145,4
2,3381.636640548706,0.03820754215121269,0.03573827352374792,0.041971794329583645,0.039502525702118874,4
2,3379.7064826488495,0.038379451259970665,0.03590335324406624,0.04215482622385025,0.039678728207945824,4
2,3377.776324748993,0.03855570964515209,0.03607420064508915,0.04234096687287092,0.03985945787280798,4
2,3375.8461668491364,0.03873671591281891,0.03625109512358904,0.04253040626645088,0.04004478547722101,4
2,3373.91600894928,0.0389217734336853,0.036432902328670025,0.042722420766949654,0.040233549661934376,4
2,3371.985851049423,0.039108920842409134,0.03661706019192934,0.0429153498262167,0.040423489175736904,4
2,3370.0556931495667,0.03929632902145386,0.036801320500671864,0.043107722885906696,0.0406127143651247,4
2,3368.12553524971,0.03948404639959335,0.03698556683957577,0.043299801647663116,0.04080132208764553,4
2,3366.1953773498535,0.03967406414449215,0.037171756848692894,0.04349364712834358,0.04099133983254433,4
2,3364.265219449997,0.039868615567684174,0.03736209962517023,0.04369150660932064,0.0411849906668067,4
2,3362.3350615501404,0.04006863385438919,0.03755747154355049,0.04389434587210417,0.04138318356126547,4
2,3360.404903650284,0.040273984894156456,0.03775754664093256,0.044102064333856106,0.04158562608063221,4
2,3358.4747457504272,0.04048463888466358,0.037961930967867374,0.04431459493935108,0.041791887022554874,4
2,3356.5445878505707,0.04070083424448967,0.03817036468535662,0.04453218262642622,0.04200171306729317,4
2,3354.614429950714,0.040922196581959724,0.03838210552930832,0.044754669070243835,0.04221457801759243,4
2,3352.6842720508575,0.04114748351275921,0.03859579097479582,0.044981228187680244,0.042429535649716854,4
2,3350.754114151001,0.04137520119547844,0.03880971763283014,0.04521099291741848,0.042645509354770184,4
2,3348.8239562511444,0.04160361550748348,0.03902189712971449,0.04544298071414232,0.04286126233637333,4
2,3346.893798351288,0.041830023750662804,0.03922991547733545,0.0456748828291893,0.04307477455586195,4
2,3344.9636404514313,0.04205087758600712,0.03943086229264736,0.04590298794209957,0.043282972648739815,4
2,3343.0334825515747,0.04226339049637318,0.03962214756757021,0.046124281361699104,0.04348303843289614,4
2,3341.103324651718,0.04246693104505539,0.03980297967791557,0.04633811395615339,0.043674162589013577,4
2,3339.1731667518616,0.0426623672246933,0.0399741567671299,0.04654543939977884,0.04385722894221544,4
2,3337.243008852005,0.04285049065947533,0.04013647139072418,0.04674719367176294,0.0440331744030118,4
2,3335.3128509521484,0.043031275272369385,0.04029013589024544,0.04694337770342827,0.04420223832130432,4
2,3333.382693052292,0.043203914538025856,0.04043496213853359,0.04713302664458752,0.04436407424509525,4
2,3331.4525351524353,0.04336719773709774,0.04057026654481888,0.047314989380538464,0.0445180581882596,4
2,3329.5223772525787,0.043520502746105194,0.040695457719266415,0.04748913086950779,0.04466408584266901,4
2,3327.592219352722,0.043664559721946716,0.04081104416400194,0.047656720504164696,0.04480320494621992,4
2,3325.6620614528656,0.043801313266158104,0.04091869108378887,0.04781997483223677,0.044937352649867535,4
2,3323.731903553009,0.04393330030143261,0.04102070536464453,0.04798145778477192,0.04506886284798384,4
2,3321.8017456531525,0.04406329430639744,0.041119868867099285,0.04814375750720501,0.04520033206790686,4
2,3319.871587753296,0.04419400729238987,0.04121912084519863,0.04830919299274683,0.04533430654555559,4
2,3317.9414298534393,0.04432736895978451,0.04132052417844534,0.04847932420670986,0.04547247942537069,4
2,3316.0112719535828,0.04446420632302761,0.04142482951283455,0.04865478165447712,0.04561540484428406,4
2,3314.081114053726,0.04460509680211544,0.04153240006417036,0.04883601050823927,0.04576331377029419,4
2,3312.1509561538696,0.04475105740129948,0.04164394363760948,0.049023897387087345,0.04591678362339735,4
2,3310.220798254013,0.044902680441737175,0.04175996966660023,0.04921888746321201,0.046076176688075066,4
2,3308.2906403541565,0.04505917802453041,0.04188015405088663,0.04941985569894314,0.04624083172529936,4
2,3306.3604824543,0.04521859996020794,0.042003325186669827,0.04962419159710407,0.04640891682356596,4
2,3304.4303245544434,0.04537840001285076,0.04212753847241402,0.04982855264097452,0.04657769110053778,4
2,3302.500166654587,0.04553609900176525,0.042250717990100384,0.05002968851476908,0.04674430750310421,4
2,3300.57000875473,0.04569014348089695,0.04237167630344629,0.050225249491631985,0.04690678231418133,4
2,3298.6398508548737,0.0458400622010231,0.042490274645388126,0.05041396990418434,0.047064182348549366,4
2,3296.709692955017,0.04598570428788662,0.04260689299553633,0.050595019944012165,0.04721620865166187,4
2,3294.7795350551605,0.04612632468342781,0.04272161424160004,0.050767140462994576,0.0473624300211668,4
2,3292.849377155304,0.04626007191836834,0.04283326584845781,0.05092822574079037,0.04750141967087984,4
2,3290.9192192554474,0.046384258195757866,0.042939554899930954,0.051075504161417484,0.04763080086559057,4
2,3288.989061355591,0.04649602435529232,0.043038105592131615,0.05120586417615414,0.04774794541299343,4
2,3287.0589034557343,0.04659254848957062,0.04312642011791468,0.051316224969923496,0.047850096598267555,4
2,3285.1287455558777,0.04667136259377003,0.043201749213039875,0.05140416789799929,0.047934554517269135,4
2,3283.198587656021,0.046730708330869675,0.04326183907687664,0.05146799422800541,0.047999124974012375,4
2,3281.2684297561646,0.046769097447395325,0.04330486245453358,0.05150614120066166,0.04804190620779991,4
2,3279.338271856308,0.04678492248058319,0.043328842148184776,0.05151728168129921,0.048061201348900795,4
2,3277.4081139564514,0.04677722603082657,0.04333248734474182,0.0515012601390481,0.04805652145296335,4
2,3275.477956056595,0.04674644581973553,0.043316178023815155,0.051459322683513165,0.04802905488759279,4
2,3273.5477981567383,0.0466935969889164,0.04328081849962473,0.05139309540390968,0.047980316914618015,4
2,3271.6176402568817,0.04661875031888485,0.04322590958327055,0.05130332801491022,0.04791048727929592,4
2,3269.687482357025,0.04652112349867821,0.04314962960779667,0.05119019839912653,0.04781870450824499,4
2,3267.7573244571686,0.046400703489780426,0.043050709180533886,0.051054731011390686,0.047704736702144146,4
2,3265.827166557312,0.04625890031456947,0.042929560877382755,0.05089893005788326,0.047569590620696545,4
2,3263.8970086574554,0.04609747231006622,0.04278773535043001,0.05072436574846506,0.04741462878882885,4
2,3261.966850757599,0.04591759853065014,0.04262677859514952,0.05053168348968029,0.04724086355417967,4
2,3260.0366928577423,0.04572032392024994,0.04244791157543659,0.050321745686233044,0.0470493333414197,4
2,3258.1065349578857,0.0455077700316906,0.04225303418934345,0.050096902064979076,0.04684216622263193,4
2,3256.176377058029,0.04528365097939968,0.04204567335546017,0.04986113682389259,0.04662315919995308,4
2,3254.2462191581726,0.04505227319896221,0.041830324567854404,0.049618746154010296,0.04639679752290249,4
2,3252.316061258316,0.0448167510330677,0.041610647924244404,0.04937247559428215,0.04616637248545885,4
2,3250.3859033584595,0.0445784255862236,0.04138846881687641,0.049123285338282585,0.045933328568935394,4
2,3248.455745458603,0.044337837025523186,0.041164188645780087,0.048871755599975586,0.04569810722023249,4
2,3246.5255875587463,0.04409581795334816,0.04093793872743845,0.04861908499151468,0.04546120576560497,4
2,3244.5954296588898,0.04385414347052574,0.04071096237748861,0.04836716968566179,0.045223988592624664,4
2,3242.665271759033,0.04361553490161896,0.040486035868525505,0.048118242993950844,0.04498874396085739,4
2,3240.7351138591766,0.04338277131319046,0.04026621114462614,0.047874344512820244,0.044757784344255924,4
2,3238.80495595932,0.04318148456513882,0.04007738083600998,0.04763682372868061,0.04453271999955177,4
2,3236.8747980594635,0.04298743046820164,0.039895626716315746,0.04740602616220713,0.044314222410321236,4
2,3234.944640159607,0.04279911331832409,0.0397195415571332,0.04718174319714308,0.04410217143595219,4
2,3233.0144822597504,0.04261687211692333,0.03954899124801159,0.046964543871581554,0.04389666300266981,4
2,3231.084324359894,0.04244234785437584,0.039384908974170685,0.04675632622092962,0.04369888734072447,4
2,3229.1541664600372,0.04227687045931816,0.039228228852152824,0.04655862133949995,0.043509979732334614,4
2,3227.2240085601807,0.042119577527046204,0.03907796926796436,0.046370831318199635,0.043329223059117794,4
2,3225.293850660324,0.04196817800402641,0.03893165476620197,0.04619096964597702,0.04315444640815258,4
2,3223.3636927604675,0.041821589693427086,0.03878794517368078,0.04601798206567764,0.04298433754593134,4
2,3221.433534860611,0.04168078675866127,0.03864780627191067,0.04585237707942724,0.04281939659267664,4
2,3219.5033769607544,0.041547007858753204,0.03851296100765467,0.04569463152438402,0.042660584673285484,4
2,3217.573219060898,0.041419947519898415,0.038383882492780685,0.0455437395721674,0.04250767454504967,4
2,3215.6430611610413,0.04129821993410587,0.038259806111454964,0.04539764765650034,0.04235923383384943,4
2,3213.7129032611847,0.04118088632822037,0.038140189833939075,0.04525465425103903,0.042213957756757736,4
2,3211.782745361328,0.04106748104095459,0.038025105372071266,0.04511361848562956,0.042071242816746235,4
2,3209.8525874614716,0.04095648229122162,0.03791380487382412,0.044972699135541916,0.04193002171814442,4
2,3207.922429561615,0.04084448143839836,0.037803493440151215,0.044828652404248714,0.04178766440600157,4
2,3205.9922716617584,0.04072735644876957,0.03769009280949831,0.0446777967736125,0.04164053313434124,4
2,3204.062113761902,0.04060222953557968,0.03757019527256489,0.044517540372908115,0.04148550610989332,4
2,3202.1319558620453,0.04046816937625408,0.03744223993271589,0.04434692393988371,0.04132099449634552,4
2,3200.2017979621887,0.040325844660401344,0.03730672411620617,0.044166456907987595,0.04114733636379242,4
2,3198.271640062332,0.04017677903175354,0.037165651097893715,0.04397765826433897,0.040966530330479145,4
2,3196.3414821624756,0.0400221161544323,0.03702093753963709,0.043782103806734085,0.04078092519193888,4
2,3194.411324262619,0.03986170515418053,0.03687287587672472,0.043580375611782074,0.04059154633432627,4
2,3192.4811663627625,0.039694540202617645,0.03672027122229338,0.04337198194116354,0.04039771296083927,4
2,3190.551008462906,0.03951984830200672,0.03656166419386864,0.04315635934472084,0.040198175236582756,4
2,3188.6208505630493,0.03933807089924812,0.03639646898955107,0.04293416067957878,0.039992558769881725,4
2,3186.6906926631927,0.039151035249233246,0.03622543066740036,0.04270751494914293,0.03978191036731005,4
2,3184.760534763336,0.038960810750722885,0.036050048656761646,0.042478615418076515,0.039567853324115276,4
2,3182.8303768634796,0.038768233731389046,0.0358713511377573,0.042248139157891273,0.03935125656425953,4
2,3180.900218963623,0.038573138415813446,0.03568963333964348,0.04201571270823479,0.03913220763206482,4
2,3178.9700610637665,0.03837619349360466,0.03550581354647875,0.04178188554942608,0.03891150560230017,4
2,3177.03990316391,0.03817938081920147,0.03532211296260357,0.04154847376048565,0.03869120590388775,4
2,3175.1097452640533,0.03798426687717438,0.03514052368700504,0.04131671320647001,0.03847297001630068,4
2,3173.179587364197,0.03779091127216816,0.0349614629521966,0.04108619783073664,0.038256749510765076,4
2,3171.24942946434,0.037598684430122375,0.03478436451405287,0.04085587430745363,0.038041554391384125,4
2,3169.3192715644836,0.03740735165774822,0.0346088083460927,0.04062538128346205,0.037826837971806526,4
2,3167.389113664627,0.037217048928141594,0.03443473391234875,0.04039505869150162,0.03761274367570877,4
2,3165.4589557647705,0.03702735714614391,0.034261674620211124,0.04016478918492794,0.03739910665899515,4
2,3163.528797864914,0.03683706186711788,0.034088313579559326,0.039933543652296066,0.03718479536473751,4
2,3161.5986399650574,0.036645229905843735,0.033913311548531055,0.03970048576593399,0.03696856740862131,4
2,3159.668482065201,0.03645176813006401,0.033736202865839005,0.03946556989103556,0.03675000462681055,4
2,3157.7383241653442,0.036256780847907066,0.03355721104890108,0.03922884166240692,0.036529271863400936,4
2,3155.8081662654877,0.03606007434427738,0.03337670676410198,0.038990000262856483,0.036306632682681084,4
2,3153.878008365631,0.035861436277627945,0.03319513890892267,0.03874871972948313,0.036082422360777855,4
2,3151.9478504657745,0.03566027618944645,0.03301244881004095,0.038504380732774734,0.035856553353369236,4
2,3150.017692565918,0.035454919561743736,0.0328271584585309,0.03825552109628916,0.035627759993076324,4
2,3148.0875346660614,0.03524361364543438,0.03263721242547035,0.038000560365617275,0.03539415914565325,4
2,3146.157376766205,0.03502615541219711,0.03244176506996155,0.03773908410221338,0.03515469375997782,4
2,3144.2272188663483,0.034803736954927444,0.032241350039839745,0.037472047843039036,0.034909660927951336,4
2,3142.2970609664917,0.03457796014845371,0.032037117052823305,0.03720108047127724,0.03466023737564683,4
2,3140.366903066635,0.034350160509347916,0.031830307096242905,0.03692754823714495,0.034407694824039936,4
2,3138.4367451667786,0.03412107564508915,0.03162180259823799,0.03665222693234682,0.03415295388549566,4
2,3136.506587266922,0.03389107063412666,0.031411970034241676,0.03637587185949087,0.033896771259605885,4
2,3134.5764293670654,0.03366087004542351,0.031201322562992573,0.036099761724472046,0.03364021424204111,4
2,3132.646271467209,0.03343173861503601,0.03099110908806324,0.03582539316266775,0.03338476363569498,4
2,3130.7161135673523,0.03320483863353729,0.030782816465944052,0.03555380646139383,0.03313178429380059,4
2,3128.7859556674957,0.032981215976178646,0.03057760465890169,0.03528580442070961,0.032882193103432655,4
2,3126.855797767639,0.032762907445430756,0.030377051793038845,0.035023258067667484,0.032637402415275574,4
2,3124.9256398677826,0.03255324997007847,0.0301837925799191,0.03476970363408327,0.0324002462439239,4
2,3122.995481967926,0.03235555160790682,0.030000667553395033,0.034529050812125206,0.03217416675761342,4
2,3121.0653240680695,0.03217185381799936,0.029829605016857386,0.03430395387113094,0.031961705069988966,4
2,3119.135166168213,0.032003117725253105,0.029671618714928627,0.034095644019544125,0.031764145009219646,4
2,3117.2050082683563,0.031850107945501804,0.02952736336737871,0.033904919400811195,0.0315821748226881,4
2,3115.2748503684998,0.031713321805000305,0.029397133272141218,0.03373239375650883,0.03141620522364974,4
2,3113.344692468643,0.031592147424817085,0.02928051957860589,0.03357767127454281,0.031266043428331614,4
2,3111.4145345687866,0.0314849354326725,0.029176488984376192,0.033439227379858494,0.031130780931562185,4
2,3109.48437666893,0.03138973470777273,0.02908366173505783,0.033315048553049564,0.031008975580334663,4
2,3107.5542187690735,0.03130453824996948,0.029000408947467804,0.03320292662829161,0.03089879732578993,4
2,3105.624060869217,0.031227245926856995,0.028924879152327776,0.03310050815343857,0.03079814137890935,4
2,3103.6939029693604,0.031156372278928757,0.028855609707534313,0.03300600312650204,0.030705240555107594,4
2,3101.763745069504,0.03109186328947544,0.028792295139282942,0.03291903343051672,0.03061946528032422,4
2,3099.833587169647,0.03103406261652708,0.028734983410686255,0.03283982630819082,0.030540747102349997,4
2,3097.9034292697906,0.030982022173702717,0.028682497330009937,0.0327677084133029,0.03046818356961012,4
2,3095.973271369934,0.030933678150177002,0.028632504865527153,0.03270105365663767,0.03039988037198782,4
2,3094.0431134700775,0.030886786058545113,0.02858253475278616,0.03263793420046568,0.030333682894706726,4
2,3092.112955570221,0.030839070677757263,0.02853024797514081,0.03257626574486494,0.030267443042248487,4
2,3090.1827976703644,0.030788127332925797,0.028473328333348036,0.03251361008733511,0.03019881108775735,4
2,3088.252639770508,0.03073152620345354,0.028409852646291256,0.03244688827544451,0.030125214718282223,4
2,3086.3224818706512,0.030667291022837162,0.028338945470750332,0.032372815534472466,0.030044469982385635,4
2,3084.3923239707947,0.030583606101572514,0.028260880149900913,0.032278154976665974,0.029955429024994373,4
2,3082.462166070938,0.030473317950963974,0.02817663224413991,0.032154775224626064,0.029858089517802,4
2,3080.5320081710815,0.030356415547430515,0.028087792452424765,0.032022299244999886,0.029753676149994135,4
2,3078.601850271225,0.030235137790441513,0.027996479533612728,0.031883012503385544,0.02964435424655676,4
2,3076.6716923713684,0.030111465603113174,0.027904280461370945,0.03173914086073637,0.02953195571899414,4
2,3074.741534471512,0.029985803179442883,0.0278112911619246,0.03159135766327381,0.02941684564575553,4
2,3072.8113765716553,0.029857192188501358,0.027716592885553837,0.031438861042261124,0.029298261739313602,4
2,3070.8812186717987,0.029724419116973877,0.027619226835668087,0.03128047985956073,0.029175287578254938,4
2,3068.951060771942,0.029586694203317165,0.027518637478351593,0.031115475110709667,0.029047418385744095,4
2,3067.0209028720856,0.029443858191370964,0.027414892334491014,0.030943710822612047,0.028914744965732098,4
2,3065.090744972229,0.029296192340552807,0.027308456134051085,0.030765333212912083,0.02877759700641036,4
2,3063.1605870723724,0.029143622145056725,0.027199193369597197,0.03058017697185278,0.02863574819639325,4
2,3061.230429172516,0.02898553106933832,0.02708619926124811,0.030387795995920897,0.028488464187830687,4
2,3059.3002712726593,0.028821717016398907,0.026968998834490776,0.030188316479325294,0.028335598297417164,4
2,3057.3701133728027,0.02865299955010414,0.026848113629966974,0.029983025509864092,0.028178139589726925,4
2,3055.439955472946,0.02848042268306017,0.026724014896899462,0.02977369073778391,0.0280172829516232,4
2,3053.5097975730896,0.028303921222686768,0.026595843955874443,0.029561071656644344,0.02785299438983202,4
2,3051.579639673233,0.02812204509973526,0.026461457833647728,0.029344361275434494,0.027683774009346962,4
2,3049.6494817733765,0.02793302107602358,0.02631869027391076,0.029122174717485905,0.027507843915373087,4
2,3047.71932387352,0.027735757641494274,0.026166425086557865,0.028893452137708664,0.027324119582772255,4
2,3045.7891659736633,0.027529695071280003,0.02600439451634884,0.028657284565269947,0.027131984010338783,4
2,3043.8590080738068,0.027314230799674988,0.025832476560026407,0.02841257117688656,0.026930816937237978,4
2,3041.92885017395,0.027089175768196583,0.025650999508798122,0.028158603701740503,0.026720427442342043,4
2,3039.9986922740936,0.02685568854212761,0.025461454410105944,0.027896048966795206,0.02650181483477354,4
2,3038.068534374237,0.026616054587066174,0.025266142562031746,0.0276269786991179,0.02627706667408347,4
2,3036.1383764743805,0.02637289371341467,0.025067429523915052,0.027354244142770767,0.02604877995327115,4
2,3034.208218574524,0.02612924389541149,0.024867962580174208,0.027081266976892948,0.025819985661655664,4
2,3032.2780606746674,0.02588827721774578,0.024670505430549383,0.026811438612639904,0.025593666825443506,4
2,3030.347902774811,0.025651810690760612,0.024476516991853714,0.026546730659902096,0.025371436960995197,4
2,3028.417744874954,0.02541962079703808,0.02428562566637993,0.02628709515556693,0.02515310002490878,4
2,3026.4875869750977,0.025190718472003937,0.024097153916954994,0.026031434070318937,0.024937869515269995,4
2,3024.557429075241,0.02496476750820875,0.023911448195576668,0.02577885938808322,0.024725540075451136,4
2,3022.6272711753845,0.02474238257855177,0.023729730863124132,0.025529300794005394,0.024516649078577757,4
2,3020.697113275528,0.02452486753463745,0.02355348551645875,0.025283618364483118,0.024312236346304417,4
2,3018.7669553756714,0.024313748814165592,0.02338398899883032,0.025043284986168146,0.024113525170832872,4
2,3016.836797475815,0.024110359139740467,0.023222109768539667,0.024809986352920532,0.023921736981719732,4
2,3014.9066395759583,0.023916035890579224,0.023068718146532774,0.024585720617324114,0.023738402873277664,4
2,3012.9764816761017,0.023732280358672142,0.022924937773495913,0.02437275182455778,0.023565409239381552,4
2,3011.046323776245,0.023560130037367344,0.02279138844460249,0.024172837380319834,0.02340409578755498,4
2,3009.1161658763885,0.02339969389140606,0.022667692974209785,0.02398655703291297,0.023254556115716696,4
2,3007.186007976532,0.023250720463693142,0.022553229704499245,0.023813755717128515,0.023116264957934618,4
2,3005.2558500766754,0.0231134919449687,0.022448076400905848,0.023654739372432232,0.02298932382836938,4
2,3003.325692176819,0.022989311255514622,0.02234089281409979,0.0235236338339746,0.022875215392559767,4
2,3001.3955342769623,0.022880401462316513,0.022221306804567575,0.0234357132576406,0.022776618599891663,4
2,2999.4653763771057,0.0227894214913249,0.02212040964514017,0.02336568059399724,0.02269666874781251,4
2,2997.535218477249,0.022719403728842735,0.022041191812604666,0.023316952399909496,0.022638740483671427,4
2,2995.6050605773926,0.02267410233616829,0.0219874931499362,0.02329334896057844,0.02260673977434635,4
2,2993.674902677536,0.022657609544694424,0.021963598672300577,0.023298820946365595,0.02260481007397175,4
2,2991.7447447776794,0.022673361003398895,0.021973079070448875,0.023336737416684628,0.022636455483734608,4
2,2989.814586877823,0.022723723202943802,0.02201827149838209,0.023409498389810324,0.022704046685248613,4
2,2987.8844289779663,0.02280997298657894,0.022100284695625305,0.023518326692283154,0.022808638401329517,4
2,2985.9542710781097,0.022931693121790886,0.022218542639166117,0.023662680760025978,0.02294953027740121,4
2,2984.024113178253,0.02308628149330616,0.02237036544829607,0.023839933332055807,0.023124017287045717,4
2,2982.0939552783966,0.023269767872989178,0.022551598493009806,0.024046200793236494,0.023328031413257122,4
2,2980.16379737854,0.023478103801608086,0.022757611703127623,0.024277550168335438,0.023557058069854975,4
2,2978.2336394786835,0.023707506246864796,0.022983798757195473,0.024530209600925446,0.023806502111256123,4
2,2976.303481578827,0.023954232223331928,0.02322598546743393,0.02480008825659752,0.02407184150069952,4
2,2974.3733236789703,0.02421428356319666,0.02348045213147998,0.02508245501667261,0.02434862358495593,4
2,2972.4431657791138,0.02448283601552248,0.02374303573742509,0.025371671654284,0.02463187137618661,4
2,2970.513007879257,0.024754123762249947,0.024008580017834902,0.025661300402134657,0.024915756657719612,4
2,2968.5828499794006,0.025022396817803383,0.024271716363728046,0.02594501804560423,0.025194337591528893,4
2,2966.652692079544,0.025282776914536953,0.024527655448764563,0.02621749648824334,0.02546237502247095,4
2,2964.7225341796875,0.025531629100441933,0.02477247640490532,0.02647496247664094,0.025715809781104326,4
2,2962.792376279831,0.02576721180230379,0.02500374335795641,0.026716077234596014,0.025952608790248632,4
2,2960.8622183799744,0.025990072637796402,0.025221054442226887,0.026942457538098097,0.02617343934252858,4
2,2958.932060480118,0.026202448643743992,0.02542581083253026,0.02715794974938035,0.02638131193816662,4
2,2957.0019025802612,0.02640779595822096,0.025620947126299143,0.027367763221263885,0.02658091438934207,4
2,2955.0717446804047,0.02661091275513172,0.025810842402279377,0.02757822861894965,0.026778158266097307,4
2,2953.141586780548,0.02681764494627714,0.026000904385000467,0.027796332258731127,0.026979591697454453,4
2,2951.2114288806915,0.027033927850425243,0.02619680529460311,0.028028744738548994,0.02719162218272686,4
2,2949.281270980835,0.027264759875833988,0.02640358405187726,0.02828088030219078,0.027419704478234053,4
2,2947.3511130809784,0.027513564564287663,0.02662498177960515,0.028556250501424074,0.027667667716741562,4
2,2945.420955181122,0.02778196521103382,0.02686312748119235,0.028856199234724045,0.027937361504882574,4
2,2943.4907972812653,0.02806953713297844,0.02711818041279912,0.029179723002016544,0.028228366281837225,4
2,2941.5606393814087,0.02837333455681801,0.027387838810682297,0.029523139353841543,0.02853764360770583,4
2,2939.630481481552,0.028687755577266216,0.027667279355227947,0.029880004469305277,0.028859528247267008,4
2,2937.7003235816956,0.029005189426243305,0.027949789073318243,0.03024170733988285,0.02918630698695779,4
2,2935.770165681839,0.02931701112538576,0.028227624017745256,0.03059834474697709,0.029508957639336586,4
2,2933.8400077819824,0.029614034108817577,0.02849246095865965,0.030939162243157625,0.029817589092999697,4
2,2931.909849882126,0.029886528849601746,0.02873565163463354,0.03125268965959549,0.030101812444627285,4
2,2929.9796919822693,0.030124413780868053,0.028948495164513588,0.031527085695415735,0.03035116707906127,4
2,2928.0495340824127,0.03031756356358528,0.02912212908267975,0.031750618014484644,0.03055518353357911,4
2,2926.119376182556,0.03045652713626623,0.029247785918414593,0.03191250190138817,0.03070376068353653,4
2,2924.1892182826996,0.030533963814377785,0.029318226967006922,0.03200437035411596,0.0307886335067451,4
2,2922.259060382843,0.030545604415237904,0.029328863136470318,0.032021417282521725,0.03080467600375414,4
2,2920.3289024829865,0.03048989735543728,0.029277428053319454,0.03196236491203308,0.030749895609915257,4
2,2918.39874458313,0.030367812141776085,0.029163815081119537,0.031829300336539745,0.030625303275883198,4
2,2916.4685866832733,0.0301833413541317,0.02899068407714367,0.031627936754375696,0.030435279477387667,4
2,2914.5384287834167,0.029943257570266724,0.02876336546614766,0.03136716037988663,0.030187268275767565,4
2,2912.60827088356,0.029656260274350643,0.028489134274423122,0.03105793846771121,0.02989081246778369,4
2,2910.6781129837036,0.029332720674574375,0.028177015017718077,0.030712689273059368,0.02955698361620307,4
2,2908.747955083847,0.028984404169023037,0.02783762151375413,0.030344688799232244,0.029197906143963337,4
2,2906.8177971839905,0.02862327266484499,0.02748218784108758,0.02996681723743677,0.02882573241367936,4
2,2904.887639284134,0.02826036885380745,0.027121555991470814,0.029590535443276167,0.02845172258093953,4
2,2902.9574813842773,0.02790545206516981,0.026765741873532534,0.029225558042526245,0.028085847850888968,4
2,2901.027323484421,0.02756677195429802,0.026423555798828602,0.028879638761281967,0.02773642260581255,4
2,2899.097165584564,0.02725047431886196,0.026101705618202686,0.02855824865400791,0.027409479953348637,4
2,2897.1670076847076,0.026960179209709167,0.025804070755839348,0.028264597989618778,0.02710848953574896,4
2,2895.236849784851,0.026697436347603798,0.025532133411616087,0.02800035523250699,0.02683505229651928,4
2,2893.3066918849945,0.02646287903189659,0.02528628846630454,0.027766725979745388,0.026590135414153337,4
2,2891.376533985138,0.02625716384500265,0.025066909845918417,0.02756509929895401,0.026374845299869776,4
2,2889.4463760852814,0.026081138290464878,0.02487465599551797,0.027396865654736757,0.02619038335978985,4
2,2887.516218185425,0.025935416109859943,0.02471022866666317,0.02726277196779847,0.026037584524601698,4
2,2885.5860602855682,0.02581989113241434,0.024573895148932934,0.027162534184753895,0.025916538201272488,4
2,2883.6559023857117,0.025733323767781258,0.024464879650622606,0.027094590477645397,0.025826146360486746,4
2,2881.725744485855,0.025673319585621357,0.02438111463561654,0.0270561003126204,0.025763895362615585,4
2,2879.7955865859985,0.0256368238478899,0.02431964362040162,0.02704359730705619,0.02572641707956791,4
2,2877.865428686142,0.02562034595757723,0.02427690615877509,0.027053473982959986,0.02571003418415785,4
2,2875.9352707862854,0.025619495660066605,0.02424835367128253,0.02708154357969761,0.025710401590913534,4
2,2874.005112886429,0.025628925301134586,0.024228544905781746,0.027122644241899252,0.02572226384654641,4
2,2872.0749549865723,0.02564311772584915,0.024212085641920567,0.02717114705592394,0.025740114971995354,4
2,2870.1447970867157,0.02565687894821167,0.024194092024117708,0.027221542317420244,0.025758755393326283,4
2,2868.214639186859,0.025665060617029667,0.02416973514482379,0.02726841764524579,0.025773092173039913,4
2,2866.2844812870026,0.025662489235401154,0.024134131614118814,0.027306276839226484,0.025777919217944145,4
2,2864.354323387146,0.025644381530582905,0.024082942865788937,0.027329545002430677,0.02576810633763671,4
2,2862.4241654872894,0.025606291368603706,0.024012581910938025,0.027332269586622715,0.025738560128957033,4
2,2860.494007587433,0.02554359193891287,0.023919747676700354,0.02730780653655529,0.025683962274342775,4
2,2858.5638496875763,0.02545128669589758,0.02380104549229145,0.027249041013419628,0.0255987998098135,4
2,2856.6336917877197,0.02532427292317152,0.023652854841202497,0.027148960158228874,0.02547754207625985,4
2,2854.703533887863,0.025157819502055645,0.023471329361200333,0.027001419104635715,0.025314928963780403,4
2,2852.7733759880066,0.02494823932647705,0.023252791725099087,0.02680221851915121,0.025106770917773247,4
2,2850.84321808815,0.02469379734247923,0.022994750179350376,0.026550248730927706,0.024851201567798853,4
2,2848.9130601882935,0.024395791813731194,0.022697271313518286,0.026248411275446415,0.024549890775233507,4
2,2846.982902288437,0.024059146642684937,0.022363857366144657,0.025903704110533,0.02420841483399272,4
2,2845.0527443885803,0.023691938258707523,0.022001277655363083,0.025526099372655153,0.023835438769310713,4
2,2843.1225864887238,0.0233040489256382,0.021618555765599012,0.02512670587748289,0.023441212717443705,4
2,2841.192428588867,0.022918150760233402,0.02123797032982111,0.024716233368963003,0.02303605293855071,4
2,2839.2622706890106,0.022535201162099838,0.020860270131379366,0.02430418273434043,0.022629251703619957,4
2,2837.332112789154,0.022157668136060238,0.020487692672759295,0.02389876265078783,0.022228787187486887,4
2,2835.4019548892975,0.021792306564748287,0.020126628689467907,0.023507387842983007,0.021841709967702627,4
2,2833.471796989441,0.021445107646286488,0.01978251477703452,0.023136827629059553,0.021474234759807587,4
2,2831.5416390895844,0.021120640449225903,0.0194593477062881,0.02279233606532216,0.021131043322384357,4
2,2829.611481189728,0.02082156576216221,0.019159524235874414,0.022476926445961,0.020814884919673204,4
2,2827.681323289871,0.020549150183796883,0.01888443063944578,0.022191886324435472,0.02052716678008437,4
2,2825.7511653900146,0.02030403632670641,0.01863501314073801,0.021937658078968525,0.020268634893000126,4
2,2823.821007490158,0.020086469128727913,0.018411798868328333,0.021714110393077135,0.020039440132677555,4
2,2821.8908495903015,0.01989604067057371,0.018214534036815166,0.02152037201449275,0.019838865380734205,4
2,2819.960691690445,0.019731310196220875,0.018041855189949274,0.021354603581130505,0.019665148574858904,4
2,2818.0305337905884,0.019581075757741928,0.017891322262585163,0.02120522176846862,0.019515468273311853,4
2,2816.100375890732,0.0194494491443038,0.01775978785008192,0.021075674332678318,0.01938601303845644,4
2,2814.1702179908752,0.019334008917212486,0.017643867526203394,0.020962443202733994,0.0192723018117249,4
2,2812.2400600910187,0.019230308942496777,0.017540178261697292,0.02085982309654355,0.019169692415744066,4
2,2810.309902191162,0.019133764319121838,0.017445124685764313,0.020762266591191292,0.019073626957833767,4
2,2808.3797442913055,0.019039995968341827,0.017354852985590696,0.020665003452450037,0.018979860469698906,4
2,2806.449586391449,0.018945658579468727,0.017265834379941225,0.020564807578921318,0.018884983379393816,4
2,2804.5194284915924,0.01884911861270666,0.017175698652863503,0.02046050177887082,0.018787081819027662,4
2,2802.589270591736,0.018750634975731373,0.017083816695958376,0.020352982450276613,0.018686164170503616,4
2,2800.6591126918793,0.018651867285370827,0.016991164535284042,0.02024453692138195,0.018583834171295166,4
2,1798.9071626663208,0.004814661806449294,0.004593758494593203,0.0049654957838356495,0.0047445924719795585,4
2,1796.9770047664642,0.004498954629525542,0.004282745998352766,0.004657009616494179,0.0044408009853214025,4
2,1795.0468468666077,0.004194251960143447,0.003980597713962197,0.004360259626992047,0.004146605380810797,4
2,1793.116688966751,0.003928182413801551,0.003714616585057229,0.004101973259821534,0.003888407431077212,4
2,1791.1865310668945,0.003733503632247448,0.003518040175549686,0.003912901447620243,0.003697437990922481,4
2,1789.256373167038,0.0036121681332588196,0.0033939534914679825,0.003794041112996638,0.0035758264712058008,4
2,1787.3262152671814,0.0035373354330658913,0.0033163069747388363,0.003719484433531761,0.003498455975204706,4
2,1785.3960573673248,0.0034856190904974937,0.003262166865170002,0.0036669077817350626,0.003443455556407571,4
2,1783.4658994674683,0.003444621106609702,0.0032198024564422667,0.0036241322522982955,0.00339931360213086,4
2,1781.5357415676117,0.003402235684916377,0.0031776089454069734,0.0035793075803667307,0.003354680840857327,4
2,1779.6055836677551,0.0033509720815345645,0.00312803837005049,0.0035253987298347056,0.003302465018350631,4
2,1777.6754257678986,0.0032958134543150663,0.003076229360885918,0.003466992115136236,0.0032474080217070878,4
2,1775.745267868042,0.0032432726584374905,0.0030290898866951466,0.0034098513424396515,0.0031956685706973076,4
2,1773.8151099681854,0.0032025162363424897,0.0029957694350741804,0.003362439281772822,0.003155692480504513,4
2,1771.8849520683289,0.0031894618878141046,0.002992132620420307,0.003339443006552756,0.003142113739158958,4
2,1769.9547941684723,0.003205043845809996,0.0030197393498383462,0.003340739174745977,0.003155434678774327,4
2,1768.0246362686157,0.0032136704539880157,0.0030439961119554937,0.003331537125632167,0.003161862783599645,4
2,1766.0944783687592,0.003168152295984328,0.003017870767507702,0.0032669323845766485,0.003116650856100023,4
2,1764.1643204689026,0.0030345406848937273,0.0029063125257380307,0.0031157510820776224,0.0029875229229219258,4
2,1762.234162569046,0.002825780655257404,0.002714089583605528,0.0028979936032555997,0.0027863025316037238,4
2,1760.3040046691895,0.002585372421890497,0.0024844539002515376,0.002654660027474165,0.0025537415058352053,4
2,1758.3738467693329,0.002342831459827721,0.0022525849053636193,0.0024077866110019386,0.002317540056537837,4
2,1756.4436888694763,0.0021024978486821055,0.0020214096875861287,0.002162760589271784,0.002081672428175807,4
2,1754.5135309696198,0.0018559680320322514,0.0017827936098910868,0.0019111623405478895,0.001837987918406725,4
2,1752.5833730697632,0.0016012737178243697,0.0015360592806246132,0.0016496332827955484,0.001584418845595792,4
2,1750.6532151699066,0.001363587856758386,0.0013066997344139963,0.0014016157074365765,0.001344727585092187,4
2,1748.72305727005,0.001177942263893783,0.0011402573145460337,0.0012013755622319877,0.0011636906128842384,4
2,1746.7928993701935,0.001081151596736163,0.0010492354922462255,0.001101690751966089,0.0010697746474761516,4
2,1744.862741470337,0.0010766350314952433,0.0010147799766855314,0.0011229454539716244,0.0010610903991619125,4
2,1742.9325835704803,0.0011405695113353431,0.0010551662126090378,0.0012145636428613216,0.0011291603441350162,4
2,1741.0024256706238,0.001276040798984468,0.001167883281596005,0.0013785406481474638,0.0012703831307590008,4
2,1739.0722677707672,0.001480031292885542,0.0013455497974064201,0.0016101912478916347,0.001475709752412513,4
2,1737.1421098709106,0.0017317929305136204,0.0015681500954087824,0.0018870023486670107,0.0017233595135621727,4
2,1735.211951971054,0.0020103686256334186,0.0018159932224079967,0.002187671489082277,0.001993296085856855,4
2,1733.2817940711975,0.0023097306257113814,0.002083634724840522,0.0025073073338717222,0.0022812114330008626,4
2,1731.351636171341,0.002623847918584943,0.002365962020121515,0.0028409974183887243,0.0025831115199252963,4
2,1729.4214782714844,0.002933922689408064,0.0026463025133125484,0.0031706173322163522,0.0028829971561208367,4
2,1727.4913203716278,0.0032201812136918306,0.0029053930193185806,0.003475396311841905,0.003160608117468655,4
2,1725.5611624717712,0.0034516004379838705,0.003112511185463518,0.003721361863426864,0.0033822726109065115,4
2,1723.6310045719147,0.003584513091482222,0.0032264410401694477,0.0038620911072939634,0.003504019055981189,4
2,1721.700846672058,0.0035828418331220746,0.0032149134785868227,0.0038610418559983373,0.0034931135014630854,4
2,1719.7706887722015,0.0034481369657441974,0.003081245406065136,0.003722508903592825,0.0033556173439137638,4
2,1717.840530872345,0.003225972526706755,0.0028690624749287963,0.003497190889902413,0.003140280838124454,4
2,1715.9103729724884,0.002998576732352376,0.0026549027243163437,0.0032739333692006767,0.0029302593611646444,4
2,1713.9802150726318,0.0028159157373011112,0.002483662945451215,0.0031047159573063254,0.002772463165456429,4
2,1712.0500571727753,0.0026597423711791635,0.002336491277674213,0.002968288550619036,0.0026450374571140856,4
2,1710.1198992729187,0.0024944015312939882,0.002180267736548558,0.0028273299685679376,0.0025131961738225073,4
2,1708.1897413730621,0.0023159029660746455,0.0020131015335209668,0.0026802223292179406,0.002377420896664262,4
2,1706.2595834732056,0.0021641087951138616,0.0018730235169641674,0.002570619690231979,0.0022795344120822847,4
2,1704.329425573349,0.00209681608248502,0.001812640344724059,0.0025587850250303745,0.0022746092872694135,4
2,1702.3992676734924,0.0021516537526622415,0.0018660517816897482,0.0026843553059734404,0.002398753335000947,4
2,1700.4691097736359,0.0023422938538715243,0.002048724185442552,0.0029661745065823197,0.0026726048381533474,4
2,1698.5389518737793,0.00270678021479398,0.0024001074489206076,0.003449747513514012,0.0031430747476406395,4
2,1696.6087939739227,0.0033069271594285965,0.0029748748638667166,0.004196602676529437,0.0038645503809675574,4
2,1694.6786360740662,0.004249411402270198,0.0038735936395823956,0.005208943854086101,0.004833126091398299,4
2,1692.7484781742096,0.005400366615504026,0.0049634427996352315,0.006441761623136699,0.006004837807267904,4
2,1690.818320274353,0.006719744764268398,0.006206972524523735,0.00785838591400534,0.007345613674260676,4
2,1688.8881623744965,0.00818752939812839,0.007584434119053185,0.00943836523219943,0.008835269953124225,4
2,1686.95800447464,0.00978392781689763,0.009076706832274795,0.011161215603351593,0.010453994618728757,4
2,1685.0278465747833,0.011484645307064056,0.010662561282515526,0.013000205624848604,0.012178121600300074,4
2,1683.0976886749268,0.013272503856569529,0.01232828269712627,0.014934896491467953,0.013990675332024693,4
2,1681.1675307750702,0.015131216030567884,0.014059019275009632,0.01694666687399149,0.015874470118433237,4
2,1679.2373728752136,0.017024890519678593,0.015819783555343747,0.01899796025827527,0.017792853293940425,4
2,1677.307214975357,0.018912366591393948,0.017571542412042618,0.021045568864792585,0.019704744685441256,4
2,1675.3770570755005,0.020766649395227432,0.01929034059867263,0.023059894796460867,0.021583585999906063,4
2,1673.446899175644,0.02258219476789236,0.020972137339413166,0.02503388747572899,0.023423830047249794,4
2,1671.5167412757874,0.024365931749343872,0.02262368379160762,0.026974371168762445,0.02523212321102619,4
2,1669.5865833759308,0.026118271984159946,0.02424528729170561,0.02888141805306077,0.027008433360606432,4
2,1667.6564254760742,0.02780753280967474,0.025804977398365736,0.03072277642786503,0.028720221016556025,4
2,1665.7262675762177,0.02937655709683895,0.027247124817222357,0.03243965795263648,0.030310225673019886,4
2,1663.796109676361,0.03079288639128208,0.02854403341189027,0.03399569448083639,0.03174684150144458,4
2,1661.8659517765045,0.03206951171159744,0.029711500741541386,0.035400704480707645,0.03304269351065159,4
2,1659.935793876648,0.03323468752205372,0.030774190556257963,0.036684281192719936,0.03422378422692418,4
2,1658.0056359767914,0.03429552912712097,0.03173627518117428,0.03785526193678379,0.0352960079908371,4
2,1656.0754780769348,0.03525526821613312,0.03260428970679641,0.03891431912779808,0.03626334061846137,4
2,1654.1453201770782,0.036150237545371056,0.033418443985283375,0.03989379573613405,0.03716200217604637,4
2,1652.2151622772217,0.03704829700291157,0.03423947934061289,0.040864501148462296,0.038055683486163616,4
2,1650.285004377365,0.03797214850783348,0.03507479326799512,0.04185973294079304,0.038962377700954676,4
2,1648.3548464775085,0.038880402222275734,0.03588149230927229,0.04284060187637806,0.039841691963374615,4
2,1646.424688577652,0.0397460050880909,0.03663876932114363,0.04377583134919405,0.04066859558224678,4
2,1644.4945306777954,0.0405545849353075,0.037333142943680286,0.04464986175298691,0.04142841976135969,4
2,1642.5643727779388,0.041267747059464455,0.03792711067944765,0.04542396776378155,0.042083331383764744,4
2,1640.6342148780823,0.041847966611385345,0.03839032165706158,0.0460563013330102,0.04259865637868643,4
2,1638.7040569782257,0.042286088690161705,0.03872228413820267,0.04653203021734953,0.04296822566539049,4
2,1636.7738990783691,0.042597247287631035,0.03894316032528877,0.04686269909143448,0.043208612129092216,4
2,1634.8437411785126,0.042795535176992416,0.03906562551856041,0.04706318210810423,0.04333327244967222,4
2,1632.913583278656,0.04286145977675915,0.03906571306288242,0.047117944806814194,0.04332219809293747,4
2,1630.9834253787994,0.04275389760732651,0.038904668763279915,0.04698620364069939,0.043136974796652794,4
2,1629.0532674789429,0.04245259426534176,0.0385696142911911,0.04664439894258976,0.0427614189684391,4
2,1627.1231095790863,0.04196648672223091,0.03807427920401096,0.046099649742245674,0.042207442224025726,4
2,1625.1929516792297,0.04131798818707466,0.03744217101484537,0.04537526424974203,0.04149944707751274,4
2,1623.2627937793732,0.040533920750021935,0.036699612624943256,0.044499991461634636,0.04066568333655596,4
2,1621.3326358795166,0.039643535390496254,0.03587320586666465,0.0435062600299716,0.039735930506139994,4
2,1619.40247797966,0.03866886533796787,0.03498285496607423,0.04241899307817221,0.03873298270627856,4
2,1617.4723200798035,0.037636155262589455,0.03405509330332279,0.04126517754048109,0.03768411558121443,4
2,1615.542162179947,0.036586930975317955,0.03312806785106659,0.04008884821087122,0.036629985086619854,4
2,1613.6120042800903,0.0355522446334362,0.032224942930042744,0.03892690874636173,0.03559960704296827,4
2,1611.6818463802338,0.03453854285180569,0.0313484538346529,0.03778906259685755,0.03459897357970476,4
2,1609.7516884803772,0.033556919544935226,0.030509109143167734,0.03668679762631655,0.033638987224549055,4
2,1607.8215305805206,0.032628598622977734,0.029723999090492725,0.03564367350190878,0.03273907396942377,4
2,1605.891372680664,0.03176257014274597,0.028995993081480265,0.03467274643480778,0.03190616937354207,4
2,1603.9612147808075,0.03096323274075985,0.028326567262411118,0.0337804090231657,0.03114374354481697,4
2,1602.031056880951,0.03024826943874359,0.027731826063245535,0.032984438352286816,0.03046799497678876,4
2,1600.1008989810944,0.029620695859193802,0.027210688684135675,0.032289139460772276,0.02987913228571415,4
2,1598.1707410812378,0.029047220945358276,0.026726869400590658,0.03166244737803936,0.029342095833271742,4
2,1596.2405831813812,0.028482387773692608,0.02623770758509636,0.0310566327534616,0.02881195256486535,4
2,1594.3104252815247,0.027901441790163517,0.025723212864249945,0.030442929361015558,0.028264700435101986,4
2,1592.380267381668,0.02729144226759672,0.025172368157655,0.029806092847138643,0.027687018737196922,4
2,1590.4501094818115,0.026633749715983868,0.024566638749092817,0.029126656241714954,0.027059545274823904,4
2,1588.519951581955,0.025904393754899502,0.023882795590907335,0.02838004846125841,0.026358450297266245,4
2,1586.5897936820984,0.02509668655693531,0.023117813281714916,0.027557602152228355,0.02557872887700796,4
2,1584.6596357822418,0.024241013452410698,0.02230529999360442,0.0266874972730875,0.024751783814281225,4
2,1582.7294778823853,0.02337198331952095,0.021478520706295967,0.025804948061704636,0.023911485448479652,4
2,1580.7993199825287,0.022507586516439915,0.020653193350881338,0.024929833598434925,0.02307544043287635,4
2,1578.8691620826721,0.02166368067264557,0.019845057744532824,0.024078768212348223,0.022260145284235477,4
2,1576.9390041828156,0.02086800616234541,0.019081339705735445,0.023280245251953602,0.021493578795343637,4
2,1575.008846282959,0.020145177841186523,0.018383680377155542,0.022561141289770603,0.020799643825739622,4
2,1573.0786883831024,0.0194886801764369,0.01774464314803481,0.021915953140705824,0.020171916112303734,4
2,1571.1485304832458,0.018880982883274555,0.017150102648884058,0.02132500521838665,0.019594124983996153,4
2,1569.2183725833893,0.018326369114220142,0.016606520162895322,0.02079088520258665,0.01907103625126183,4
2,1567.2882146835327,0.017839225940406322,0.01612812513485551,0.020327890757471323,0.01861678995192051,4
2,1565.3580567836761,0.01742732059210539,0.015723585849627852,0.019942904356867075,0.01823916961438954,4
2,1563.4278988838196,0.017099570482969284,0.015403392259031534,0.019643218256533146,0.017947040032595396,4
2,1561.497740983963,0.016872961074113846,0.015185755677521229,0.019444227684289217,0.0177570222876966,4
2,1559.5675830841064,0.016777031123638153,0.015100165735930204,0.019374187104403973,0.017697321716696024,4
2,1557.6374251842499,0.01685456372797489,0.015182597795501351,0.019478493370115757,0.017806527437642217,4
2,1555.7072672843933,0.017089324072003365,0.015407371334731579,0.019746209029108286,0.0180642562918365,4
2,1553.7771093845367,0.017391487024724483,0.015689531806856394,0.02008413802832365,0.01838218281045556,4
2,1551.8469514846802,0.017706372775137424,0.015983778052031994,0.020430610980838537,0.018708016257733107,4
2,1549.9167935848236,0.018000101670622826,0.01626042276620865,0.020747847855091095,0.019008168950676918,4
2,1547.986635684967,0.018222924321889877,0.016472870716825128,0.020983173977583647,0.019233120372518897,4
2,1546.0564777851105,0.018324634060263634,0.016576361376792192,0.021082361228764057,0.019334088545292616,4
2,1544.126319885254,0.01829002145677805,0.01656190282665193,0.021025942638516426,0.019297824008390307,4
2,1542.1961619853973,0.018163333646953106,0.016425180016085505,0.02090712357312441,0.01916896994225681,4
2,1540.2660040855408,0.01801940891891718,0.0161823988892138,0.020856493152678013,0.019019483122974634,4
2,1538.3358461856842,0.01787471864372492,0.01595108467154205,0.02078507700935006,0.01886144303716719,4
2,1536.4056882858276,0.017658699303865433,0.015669623389840126,0.02061346545815468,0.01862438954412937,4
2,1534.475530385971,0.017320656217634678,0.01528105023317039,0.020300839561969042,0.018261233577504754,4
2,1532.5453724861145,0.01686161570250988,0.014779857825487852,0.01985704666003585,0.01777528878301382,4
2,1530.615214586258,0.01628640666604042,0.014171808492392302,0.01928667677566409,0.017172078602015972,4
2,1528.6850566864014,0.015579449012875557,0.013442146591842175,0.018574755173176527,0.016437452752143145,4
2,1526.7548987865448,0.01473024720326066,0.012575133005157113,0.01771841966547072,0.015563305467367172,4
2,1524.8247408866882,0.013765167444944382,0.011590563575737178,0.016752251889556646,0.014577648020349443,4
2,1522.8945829868317,0.01274054404348135,0.010542801232077181,0.01573469815775752,0.013536955346353352,4
2,1520.964425086975,0.011717047542333603,0.00949471048079431,0.014723455999046564,0.012501118937507272,4
2,1519.0342671871185,0.010750465095043182,0.008506397949531674,0.013768787495791912,0.011524720350280404,4
2,1517.104109287262,0.009885366074740887,0.007627070997841656,0.012909489683806896,0.010651194606907666,4
2,1515.1739513874054,0.009139008354395628,0.006878585263621062,0.012157273013144732,0.009896849922370166,4
2,1513.2437934875488,0.008498544804751873,0.006252453720662743,0.0114942139480263,0.00924812286393717,4
2,1511.3136355876923,0.007937408285215497,0.005724727408960462,0.010891069192439318,0.008678388316184282,4
2,1509.3834776878357,0.007430253550410271,0.005266879627015442,0.010327211348339915,0.008163837424945086,4
2,1507.4533197879791,0.006990228313952684,0.004882498236838728,0.009827079251408577,0.007719349174294621,4
2,1505.5231618881226,0.0066621750593185425,0.004616536607500166,0.0094337472692132,0.007388108817394823,4
2,1503.593003988266,0.0064260943327099085,0.004454297362826765,0.009120524860918522,0.007148727891035378,4
2,1501.6628460884094,0.006251540733501315,0.004361678846180439,0.008861634647473693,0.006971772760152817,4
2,1499.7326881885529,0.00614558719098568,0.004340032406616956,0.008670478942804039,0.006864924158435315,4
2,1497.8025302886963,0.006133813643828034,0.004412193549796939,0.00857449066825211,0.006852870574221015,4
2,1495.8723723888397,0.006234653759747744,0.004599229083396494,0.008587032440118492,0.0069516077637672424,4
2,1493.9422144889832,0.006422653328627348,0.004881475295405835,0.008674714132212102,0.007133536098990589,4
2,1492.0120565891266,0.006633543409407139,0.005196125362999737,0.008772261324338615,0.007334843277931213,4
2,1490.08189868927,0.006825965363532305,0.005494565470144153,0.008848237805068493,0.007516837911680341,4
2,1488.1517407894135,0.007012600312009454,0.005782752763479948,0.008923264220356941,0.0076934166718274355,4
2,1486.2215828895569,0.007190704345703125,0.006057826452888548,0.008994385600090027,0.00786150770727545,4
2,1484.2914249897003,0.0073192676063627005,0.006276762578636408,0.00902334856800735,0.007980843540281057,4
2,1482.3612670898438,0.0073750936426222324,0.006409147055819631,0.008995556272566319,0.008029609685763717,4
2,1480.4311091899872,0.007379760965704918,0.00647179817315191,0.008937430568039417,0.00802946777548641,4
2,1478.5009512901306,0.007372729713097215,0.006505179218947887,0.008886549388989806,0.008018998894840479,4
2,1476.570793390274,0.007392524275928736,0.006550133344717324,0.008878357941284776,0.008035967010073364,4
2,1474.6406354904175,0.007480617379769683,0.0066507726442068815,0.00895074917934835,0.008120904443785548,4
2,1472.710477590561,0.007671363186091185,0.006846482050605118,0.0091317486949265,0.008306867559440434,4
2,1470.7803196907043,0.007957871537655592,0.007135981577448547,0.009408122161403298,0.008586232201196253,4
2,1468.8501617908478,0.008289557183161378,0.007469945005141199,0.00972864986397326,0.00890903768595308,4
2,1466.9200038909912,0.008626788854598999,0.007804375723935664,0.010059468680992723,0.009237055550329387,4
2,1464.9898459911346,0.00897821644321084,0.008142830338329077,0.010415032505989075,0.009579646401107311,4
2,1463.059688091278,0.009386104065924883,0.008528955397196114,0.01083533768542111,0.00997818901669234,4
2,1461.1295301914215,0.009876037016510963,0.008995122741907835,0.01133795641362667,0.010457042139023542,4
2,1459.199372291565,0.010437827557325363,0.009535651188343763,0.011908061802387238,0.011005885433405638,4
2,1457.2692143917084,0.01105394633486867,0.010132467839866877,0.012529461411759257,0.011607982916757464,4
2,1455.3390564918518,0.011732375714927912,0.010795176727697253,0.01320824516005814,0.012271046172827482,4
2,1453.4088985919952,0.012446402572095394,0.011502729495987296,0.013911450747400522,0.012967777671292424,4
2,1451.4787406921387,0.013139287941157818,0.012198518961668015,0.01458295644260943,0.013642187463119626,4
2,1449.548582792282,0.013768242672085762,0.012837337329983711,0.015183274867013097,0.014252369524911046,4
2,1447.6184248924255,0.014306941069662571,0.013391652144491673,0.015688016777858138,0.01477272785268724,4
2,1445.688266992569,0.014742468018084764,0.013848131522536278,0.016085372772067785,0.015191036276519299,4
2,1443.7581090927124,0.015068880282342434,0.014200237346813083,0.016370451543480158,0.015501808607950807,4
2,1441.8279511928558,0.015279424842447042,0.014439766062423587,0.016538297990337014,0.01569863921031356,4
2,1439.8977932929993,0.015366820152848959,0.014556388836354017,0.0165851847268641,0.015774753410369158,4
2,1437.9676353931427,0.015341304242610931,0.014556503156200051,0.016525554470717907,0.015740753384307027,4
2,1436.0374774932861,0.015239290427416563,0.014475672505795956,0.016396143473684788,0.01563252555206418,4
2,1434.1073195934296,0.015097737312316895,0.014353832695633173,0.01622999575920403,0.015486091142520308,4
2,1432.177161693573,0.01493719732388854,0.014213159447535872,0.01604582741856575,0.015321789542213082,4
2,1430.2470037937164,0.014773600734770298,0.014068683376535773,0.015860568499192595,0.01515565114095807,4
2,1428.3168458938599,0.014617520850151777,0.013930936576798558,0.01568461349233985,0.01499802921898663,4
2,1426.3866879940033,0.014460917096585035,0.01379275182262063,0.015508907148614526,0.01484074187465012,4
2,1424.4565300941467,0.01428042771294713,0.013629731955006719,0.015311550116166472,0.014660854358226061,4
2,1422.5263721942902,0.014066748321056366,0.013428499456495047,0.015088076936081052,0.014449828071519732,4
2,1420.5962142944336,0.013849792536348104,0.013214746257290244,0.014872804284095764,0.014237758005037904,4
2,1418.666056394577,0.013684163335710764,0.013043425744399428,0.014718888560310006,0.01407815096899867,4
2,1416.7358984947205,0.013608862180262804,0.01295943814329803,0.014657716266810894,0.01400829222984612,4
2,1414.805740594864,0.01361930649727583,0.012962812092155218,0.014679462648928165,0.014022968243807554,4
2,1412.8755826950073,0.013691695407032967,0.013029495719820261,0.014760836027562618,0.014098636340349913,4
2,1410.9454247951508,0.01380450651049614,0.013137769885361195,0.014880431117489934,0.014213694492354989,4
2,1409.0152668952942,0.01392916589975357,0.013260331470519304,0.015008325222879648,0.014339490793645382,4
2,1407.0851089954376,0.014032852835953236,0.01336281280964613,0.015114002395421267,0.01444396236911416,4
2,1405.154951095581,0.01411008508875966,0.013436581706628203,0.015195634914562106,0.014522131532430649,4
2,1403.2247931957245,0.014173122122883797,0.013494512531906366,0.015264339977875352,0.014585730386897922,4
2,1401.294635295868,0.014227988198399544,0.01354480185545981,0.01532343402504921,0.014640247682109475,4
2,1399.3644773960114,0.014279050752520561,0.013592176837846637,0.015376822091639042,0.014689948176965117,4
2,1397.4343194961548,0.014341527596116066,0.013651123037561774,0.01544027030467987,0.014749865746125579,4
2,1395.5041615962982,0.014438063371926546,0.013744725612923503,0.015535430982708931,0.014842093223705888,4
2,1393.5740036964417,0.014579880516976118,0.013886155793443322,0.015671030851081014,0.014977306127548218,4
2,1391.643845796585,0.014756334479898214,0.014066669624298811,0.015834524761885405,0.015144859906286001,4
2,1389.7136878967285,0.014944789931178093,0.014263803604990244,0.01600374700501561,0.015322760678827763,4
2,1387.783529996872,0.015125091653317213,0.014455666998401284,0.016161273000761867,0.015491848345845938,4
2,1385.8533720970154,0.015288688708096743,0.01463139965198934,0.016301775816828012,0.01564448676072061,4
2,1383.9232141971588,0.015434829518198967,0.014789591077715158,0.01642568316310644,0.015780444722622633,4
2,1381.9930562973022,0.015558187384158373,0.014925215626135468,0.016527786385267973,0.01589481462724507,4
2,1380.0628983974457,0.015651648864150047,0.01503064320422709,0.016601902432739735,0.015980896772816777,4
2,1378.132740497589,0.01571630034595728,0.015105787897482514,0.016650421544909477,0.016039909096434712,4
2,1376.2025825977325,0.015763480681926012,0.015161184128373861,0.016685256734490395,0.016082960180938244,4
2,1374.272424697876,0.015808725729584694,0.015212931903079152,0.016720817424356937,0.016125023597851396,4
2,1372.3422667980194,0.015856631565839052,0.015268290415406227,0.016758290119469166,0.01616994896903634,4
2,1370.4121088981628,0.01588649395853281,0.015308855567127466,0.016774442978203297,0.016196804586797953,4
2,1368.4819509983063,0.015866603702306747,0.015301410108804703,0.016739646904170513,0.01617445331066847,4
2,1366.5517930984497,0.01578456023707986,0.01523006591014564,0.016645468771457672,0.016090974444523454,4
2,1364.6216351985931,0.01565456436946988,0.015107016079127789,0.016507966443896294,0.0159604181535542,4
2,1362.6914772987366,0.015507173258811235,0.014963079011067748,0.016356822568923235,0.015812728321179748,4
2,1360.76131939888,0.015371557790786028,0.014829872641712427,0.016217915806919336,0.015676230657845736,4
2,1358.8311614990234,0.015257745049893856,0.014720280189067125,0.016097798943519592,0.015560334082692862,4
2,1356.9010035991669,0.015161104965955019,0.014630550518631935,0.015990851214155555,0.015460296766832471,4
2,1354.9708456993103,0.015079488512128592,0.014557640301063657,0.015895945252850652,0.015374097041785717,4
2,1353.0406877994537,0.015019300393760204,0.014507182873785496,0.015820252476260066,0.015308134956285357,4
2,1351.1105298995972,0.01498735835775733,0.014486331259831786,0.015770218102261424,0.01526919100433588,4
2,1349.1803719997406,0.014981877524405718,0.01449382514692843,0.015743834199383855,0.015255781821906567,4
2,1347.250214099884,0.014992996118962765,0.01451940881088376,0.01573231746442616,0.015258730156347156,4
2,1345.3200562000275,0.015011641196906567,0.014552442822605371,0.01572901918552816,0.015269820811226964,4
2,1343.389898300171,0.015039681922644377,0.01459267851896584,0.01573867630213499,0.015291672898456454,4
2,1341.4597404003143,0.015092378482222557,0.014654193539172411,0.015778127824887633,0.015339942881837487,4
2,1339.5295825004578,0.015189793426543474,0.014757691882550716,0.015866832341998816,0.015434730798006058,4
2,1337.5994246006012,0.015340805519372225,0.014913558261469007,0.016012103529646993,0.015584856271743774,4
2,1335.6692667007446,0.015535190235823393,0.01511201448738575,0.0162033517844975,0.015780176036059856,4
2,1333.739108800888,0.015754808206111193,0.015333886491134763,0.016423571854829788,0.01600265013985336,4
2,1331.8089509010315,0.01598668470978737,0.015564745757728815,0.016661157831549644,0.01623921887949109,4
2,1329.878793001175,0.016224274411797523,0.01579722063615918,0.016910141799598932,0.01648308802396059,4
2,1327.9486351013184,0.01646108739078045,0.016025013756006956,0.01716349506750703,0.016727421432733536,4
2,1326.0184772014618,0.016685220412909985,0.016236717347055674,0.01740841381251812,0.01695991074666381,4
2,1324.0883193016052,0.016883205622434616,0.01641856227070093,0.01763128535822034,0.017166642006486654,4
2,1322.1581614017487,0.01704945880919695,0.016564291901886463,0.017826623748987913,0.017341456841677427,4
2,1320.228003501892,0.017187820747494698,0.016677926760166883,0.01799737848341465,0.017487484496086836,4
2,1318.2978456020355,0.017305752262473106,0.016768296714872122,0.018148967530578375,0.01761151198297739,4
2,1316.367687702179,0.017405807971954346,0.01684029120951891,0.018281128257513046,0.01771561149507761,4
2,1314.4375298023224,0.017479175701737404,0.016887450125068426,0.018382535316050053,0.017790809739381075,4
2,1312.5073719024658,0.017510085366666317,0.016895122826099396,0.018436461221426725,0.017821498680859804,4
2,1310.5772140026093,0.017487612552940845,0.016852498520165682,0.018432102166116238,0.017796988133341074,4
2,1308.6470561027527,0.017409004271030426,0.016757022123783827,0.018366669304668903,0.017714687157422304,4
2,1306.7168982028961,0.01727630663663149,0.01661121193319559,0.018241949379444122,0.017576854676008224,4
2,1304.7867403030396,0.017094861716032028,0.016420905478298664,0.01806311635300517,0.017389160115271807,4
2,1302.856582403183,0.01687279064208269,0.016194531926885247,0.0178383095189929,0.017160050803795457,4
2,1300.9264245033264,0.01662000548094511,0.01594197005033493,0.017577760852873325,0.016899725422263145,4
2,1298.9962666034698,0.016348060220479965,0.015674378722906113,0.017293743789196014,0.016620062291622162,4
2,1297.0661087036133,0.016070792451500893,0.015405047219246626,0.01700103236362338,0.016335287131369114,4
2,1295.1359508037567,0.015802551060914993,0.015147994738072157,0.01671464229002595,0.016060085967183113,4
2,1293.2057929039001,0.01555234706029296,0.014912240905687213,0.016443779692053795,0.01580367353744805,4
2,1291.2756350040436,0.01531898370012641,0.014696362661197782,0.016187675297260284,0.015565054258331656,4
2,1289.345477104187,0.015095393173396587,0.014492075890302658,0.015940776094794273,0.015337458811700344,4
2,1287.4153192043304,0.014879203401505947,0.014295193366706371,0.01570270280353725,0.015118692768737674,4
2,1285.4851613044739,0.014674343634396791,0.014108272269368172,0.015478636138141155,0.014912564773112535,4
2,1283.5550034046173,0.0144850118085742,0.01393476058728993,0.015273269731551409,0.014723018510267138,4
2,1281.6248455047607,0.014313342049717903,0.013776251580566168,0.015088989865034819,0.014551899395883083,4
2,1279.6946876049042,0.014161079190671444,0.013633913593366742,0.014927692944183946,0.014400527346879244,4
2,1277.7645297050476,0.014030971098691225,0.013509957352653146,0.014792146859690547,0.014271133113652468,4
2,1275.834371805191,0.013926747720688581,0.013407832011580467,0.014685963978990912,0.014167048269882798,4
2,1273.9042139053345,0.013852664269506931,0.013331915717571974,0.014613136649131775,0.014092388097196817,4
2,1271.974056005478,0.013812549412250519,0.013286539353430271,0.014577063033357263,0.014051052974537015,4
2,1270.0438981056213,0.013808186165988445,0.013274192111566663,0.014578951057046652,0.01404495700262487,4
2,1268.1137402057648,0.013838678132742643,0.013294670032337308,0.014617297798395157,0.014073289697989821,4
2,1266.1835823059082,0.013901286292821169,0.013345800107344985,0.014688831521198153,0.01413334533572197,4
2,1264.2534244060516,0.013992438092827797,0.013424415839836001,0.014789656735956669,0.014221634482964873,4
2,1262.323266506195,0.01410904061049223,0.013527782866731286,0.014916586689651012,0.014335328945890069,4
2,1260.3931086063385,0.014249193482100964,0.01365463505499065,0.015067563159391284,0.01447300473228097,4
2,1258.462950706482,0.014410533476620913,0.01380354119464755,0.015239867847412825,0.014632875565439463,4
2,1256.5327928066254,0.014588058926165104,0.013970329659059644,0.015428266488015652,0.014810537220910192,4
2,1254.6026349067688,0.014774110168218613,0.014147863490507007,0.01562523958273232,0.014998992905020714,4
2,1252.6724770069122,0.01495950622484088,0.0143273223657161,0.01582198916003108,0.0151898053009063,4
2,1250.7423191070557,0.015134079847484827,0.014498869655653834,0.0160087370313704,0.015373526839539409,4
2,1248.812161207199,0.015286890789866447,0.014651908539235592,0.016174792777746916,0.01553981052711606,4
2,1246.8820033073425,0.015407249797135592,0.014776063850149512,0.016309591475874186,0.015678405528888106,4
2,1244.951845407486,0.015486360527575016,0.014862746698781848,0.016404434107244015,0.015780820278450847,4
2,1243.0216875076294,0.015517822001129389,0.014905600808560848,0.01645300118252635,0.01584077998995781,4
2,1241.0915296077728,0.015496583189815283,0.014899425441399217,0.016450255177915096,0.01585309742949903,4
2,1239.1613717079163,0.015418465714901686,0.014839678071439266,0.016391972545534372,0.015813184902071953,4
2,1237.2312138080597,0.015281343832612038,0.01472366414964199,0.0162759548984468,0.01571827521547675,4
2,1235.3010559082031,0.015086411498486996,0.01455185399390757,0.01610325905494392,0.015568701550364494,4
2,1233.3708980083466,0.014838171191513538,0.014327964978292584,0.015878122998401523,0.015367916785180569,4
2,1231.44074010849,0.014543429482728243,0.01405806839466095,0.01560695725493133,0.015121596166864038,4
2,1229.5105822086334,0.014210189692676067,0.013749579433351755,0.015297250589355826,0.014836640330031514,4
2,1227.5804243087769,0.013846954796463251,0.013410578249022365,0.014956870581954718,0.014520494034513831,4
2,1225.6502664089203,0.013462061993777752,0.013049107976257801,0.014593364903703332,0.014180410886183381,4
2,1223.7201085090637,0.013062391430139542,0.012671849690377712,0.014212723122909665,0.013822181383147836,4
2,1221.7899506092072,0.012652550358325243,0.012283239746466279,0.01381878019310534,0.013449469581246376,4
2,1219.8597927093506,0.01223586406558752,0.011886426480486989,0.01341431145556271,0.01306487387046218,4
2,1217.929634809494,0.011815508361905813,0.01148461364209652,0.013002006569877267,0.012671111850067973,4
2,1215.9994769096375,0.011393996886909008,0.011080826632678509,0.012583782663568854,0.012270612409338355,4
2,1214.0693190097809,0.010972152929753065,0.010676819132640958,0.012159748934209347,0.01186441513709724,4
2,1212.1391611099243,0.010548610240221024,0.010272233746945858,0.011727817822247744,0.011451441328972578,4
2,1210.2090032100677,0.01011976832523942,0.009864330757409334,0.011283831670880318,0.011028394103050232,4
2,1208.2788453102112,0.009680651593953371,0.009448810713365674,0.010822581592947245,0.010590740712359548,4
2,1206.3486874103546,0.009226872120052576,0.00902163190767169,0.0103399318177253,0.010134691605344415,4
2,1204.418529510498,0.008756870869547129,0.008581055095419288,0.00983513705432415,0.009659321280196309,4
2,1202.4883716106415,0.00827347207814455,0.00812928332015872,0.009312242036685348,0.009168053278699517,4
2,1200.558213710785,0.007784591056406498,0.007673382991924882,0.008780608652159572,0.008669400587677956,4
2,1198.6280558109283,0.007314355578273535,0.007236415287479758,0.008254776243120432,0.008176835952326655,4
2,1196.6978979110718,0.0068779392167925835,0.006832172977738082,0.007753283018246293,0.007707516779191792,4
2,1194.7677400112152,0.006480345502495766,0.0064517761347815394,0.00730907719116658,0.0072805078234523535,4
2,1192.8375821113586,0.006142185302451253,0.006091162329539657,0.00696652359329164,0.006915500620380044,4
2,1190.907424211502,0.005883888807147741,0.005815588869154453,0.006700272555463016,0.006631972617469728,4
2,1188.9772663116455,0.005725414725020528,0.005645349738188088,0.006528334692120552,0.006448269705288112,4
2,1187.047108411789,0.005683758994564414,0.005597744369879365,0.00646636460442096,0.006380349979735911,4
2,1185.1169505119324,0.005767267430201173,0.005681428825482726,0.006525981705635786,0.006440143100917339,4
2,1183.1867926120758,0.005989129189401865,0.0059098388301208615,0.0067134356359019876,0.006634145276620984,4
2,1181.2566347122192,0.00634858338162303,0.006282210350036621,0.007029261323623359,0.006962888292036951,4
2,1179.3264768123627,0.006840946385636926,0.006793493521399796,0.00746831065043807,0.007420857786200941,4
2,1177.396318912506,0.007455166662111878,0.007382435025647283,0.008069111267104745,0.007996379630640149,4
2,1175.4661610126495,0.008173805195838213,0.008053015219047666,0.008792635053396225,0.008671845076605678,4
2,1173.536003112793,0.00897339778020978,0.008799975970759988,0.009597611846402287,0.009424190036952496,4
2,1171.6058452129364,0.009824769105762243,0.009597045136615634,0.010452845599502325,0.010225121630355716,4
2,1169.6756873130798,0.010693786665797234,0.010413451353088021,0.011322113452479243,0.011041778139770031,4
2,1167.7455294132233,0.011543289292603731,0.011215436039492488,0.012166476109996438,0.011838622856885195,4
2,1165.8153715133667,0.012335850857198238,0.011968611041083932,0.01294731954112649,0.012580079725012183,4
2,1163.8852136135101,0.013058325741440058,0.012662221444770694,0.01362930191680789,0.013233197620138526,4
2,1161.9550557136536,0.013668373692780733,0.013255486497655511,0.014183260267600417,0.013770373072475195,4
2,1160.024897813797,0.014141276013106108,0.01372434664517641,0.014588867081329226,0.01417193771339953,4
2,1158.0947399139404,0.014465338084846735,0.014056996442377567,0.014836026821285486,0.014427685178816319,4
2,1156.1645820140839,0.014602390583604574,0.014250893611460924,0.014888651669025421,0.014537154696881771,4
2,1154.2344241142273,0.014559702947735786,0.014312622137367725,0.014756469754502177,0.014509388944134116,4
2,1152.3042662143707,0.014404559973627329,0.014257098780944943,0.014509610598906875,0.01436214940622449,4
2,1150.3741083145142,0.014160910621285439,0.013969646533951163,0.014311470091342926,0.01412020600400865,4
2,1148.4439504146576,0.013857512269169092,0.013598025310784578,0.014072854537516832,0.013813367579132318,4
2,1146.513792514801,0.013497177977114916,0.013208936667069793,0.0137632442638278,0.013475002953782678,4
2,1144.5836346149445,0.013099987525492907,0.012838961323723197,0.013401707401499152,0.013140681199729443,4
2,1142.653476715088,0.012771101202815771,0.012546416372060776,0.013071014080196619,0.012846329249441624,4
2,1140.7233188152313,0.012537794187664986,0.012356686871498823,0.012807168764993548,0.012626061448827386,4
2,1138.7931609153748,0.01241025747731328,0.012277694884687662,0.012642684625461698,0.01251012203283608,4
2,1136.8630030155182,0.012414778582751751,0.012333421502262354,0.012604419142007828,0.01252306206151843,4
2,1134.9328451156616,0.012570132967084646,0.012495748465880752,0.012756386306136847,0.012682001804932952,4
2,1133.002687215805,0.01288609392940998,0.012778349686414003,0.01310296868905425,0.012995224446058273,4
2,1131.0725293159485,0.01336360303685069,0.013225377537310123,0.01360010588541627,0.013461880385875702,4
2,1129.142371416092,0.014033811632543802,0.01386721944436431,0.014239367563277483,0.01407277537509799,4
2,1127.2122135162354,0.014835517853498459,0.014641875866800547,0.015004916116595268,0.014811274129897356,4
2,1125.2820556163788,0.015676568262279034,0.01552490284666419,0.015806053765118122,0.01565438834950328,4
2,1123.3518977165222,0.016558396629989147,0.016486804466694593,0.016646370757371187,0.016574778594076633,4
2,1121.4217398166656,0.017484617419540882,0.01734907040372491,0.017678736243396997,0.017543189227581024,4
2,1119.491581916809,0.01843877322971821,0.018239065073430538,0.018730162642896175,0.018530454486608505,4
2,1117.5614240169525,0.019453871995210648,0.019190871622413397,0.019771733786910772,0.01950873341411352,4
2,1115.631266117096,0.020435907877981663,0.02011176571249962,0.020776330027729273,0.02045218786224723,4
2,1113.7011082172394,0.021361451596021652,0.020979683846235275,0.0217196112498641,0.021337843500077724,4
2,1111.7709503173828,0.022211412899196148,0.021776852197945118,0.022581555880606174,0.022146995179355145,4
2,1109.8407924175262,0.0229722298681736,0.022490665782243013,0.023347961716353893,0.022866397630423307,4
2,1107.9106345176697,0.023635750636458397,0.023113287519663572,0.02401071134954691,0.023488248232752085,4
2,1105.980476617813,0.02419820986688137,0.02364078350365162,0.02456666948273778,0.024009243119508028,4
2,1104.0503187179565,0.02465974912047386,0.024072968866676092,0.025016820523887873,0.024430040270090103,4
2,1102.1201608181,0.02496983204036951,0.024414279498159885,0.025311441626399755,0.02475588908419013,4
2,1100.1900029182434,0.025170084089040756,0.024674611631780863,0.02549278037622571,0.024997307918965816,4
2,1098.2598450183868,0.02529087755829096,0.024868987500667572,0.025591490790247917,0.02516960073262453,4
2,1096.3296871185303,0.02535342238843441,0.025016253348439932,0.025628840550780296,0.025291671510785818,4
2,1094.3995292186737,0.025382251478731632,0.025137796998023987,0.025629522278904915,0.02538506779819727,4
2,1092.4693713188171,0.025403784587979317,0.025176075752824545,0.025700632482767105,0.025472923647612333,4
2,1090.5392134189606,0.02544438559561968,0.025185452308505774,0.025837096385657787,0.025578163098543882,4
2,1088.609055519104,0.025528389029204845,0.025237052235752344,0.026012967340648174,0.025721630547195673,4
2,1086.6788976192474,0.025676963850855827,0.02535198349505663,0.026246242225170135,0.025921261869370937,4
2,1084.7487397193909,0.025924798101186752,0.025564984884113073,0.026551787741482258,0.02619197452440858,4
2,1082.8185818195343,0.026295986026525497,0.025900325272232294,0.026940690353512764,0.02654502959921956,4
2,1080.8884239196777,0.026743344962596893,0.02631100546568632,0.02741925185546279,0.026986912358552217,4
2,1078.9582660198212,0.027266965247690678,0.026797367725521326,0.027988423127681017,0.027518825605511665,4
2,1077.0281081199646,0.027863506227731705,0.027356401551514864,0.02864438947290182,0.02813728479668498,4
2,1075.097950220108,0.028563939034938812,0.028019259683787823,0.029380090534687042,0.028835411183536053,4
2,1073.1677923202515,0.02937734592705965,0.028794764541089535,0.030186772346496582,0.029604190960526466,4
2,1071.237634420395,0.03026243019849062,0.02964096376672387,0.031054316088557243,0.030432849656790495,4
2,1069.3074765205383,0.03120485506951809,0.030542781576514244,0.03197075054049492,0.031308677047491074,4
2,1067.3773186206818,0.032188255339860916,0.031483307015150785,0.03292221296578646,0.032217264641076326,4
2,1065.4471607208252,0.03319467790424824,0.032444403506815434,0.033893137238919735,0.03314286284148693,4
2,1063.5170028209686,0.03420431166887283,0.033406575210392475,0.03486574441194534,0.034068007953464985,4
2,1061.586844921112,0.035195572301745415,0.03434879798442125,0.035820212215185165,0.034973437897861004,4
2,1059.6566870212555,0.03614719398319721,0.03525005280971527,0.036737071350216866,0.035839930176734924,4
2,1057.726529121399,0.037041474133729935,0.036092241294682026,0.03760054428130388,0.036651311442255974,4
2,1055.7963712215424,0.03786627948284149,0.036862234584987164,0.03840041533112526,0.03739637043327093,4
2,1053.8662133216858,0.0386150237172842,0.03755210340023041,0.03913171123713255,0.038068790920078754,4
2,1051.9360554218292,0.03920137695968151,0.038158864714205265,0.039708842523396015,0.03866633027791977,4
2,1050.0058975219727,0.039660369977355,0.038684544153511524,0.04016625601798296,0.03919043019413948,4
2,1048.075739622116,0.04003615118563175,0.03913547191768885,0.04054648894816637,0.039645809680223465,4
2,1046.1455817222595,0.040337935090065,0.03952004946768284,0.04085694346576929,0.04003905784338713,4
2,1044.215423822403,0.04057583585381508,0.039846266619861126,0.04110635910183191,0.04037678986787796,4
2,1042.2852659225464,0.040759481489658356,0.040120601654052734,0.04130346979945898,0.04066458996385336,4
2,1040.3551080226898,0.04089701734483242,0.040347956120967865,0.04145554266870022,0.04090648144483566,4
2,1038.4249501228333,0.04099366068840027,0.040482715703547,0.04161488637328148,0.04110394138842821,4
2,1036.4947922229767,0.041050394997000694,0.04051574785262346,0.04178963415324688,0.04125498700886965,4
2,1034.5646343231201,0.041064126417040825,0.040500106289982796,0.04191858693957329,0.04135456681251526,4
2,1032.6344764232635,0.041029345244169235,0.04042898491024971,0.04199654795229435,0.041396187618374825,4
2,1030.704318523407,0.040940362960100174,0.04029562696814537,0.04201856628060341,0.041373830288648605,4
2,1028.7741606235504,0.04079320281744003,0.04009518679231405,0.04198151268064976,0.04128349665552378,4
2,1026.8440027236938,0.040586261078715324,0.03982562571763992,0.04188434686511755,0.04112371150404215,4
2,1024.9138448238373,0.040319954976439476,0.039487394504249096,0.041727651841938496,0.040895091369748116,4
2,1022.9836869239807,0.03999650478363037,0.03908297140151262,0.04151357337832451,0.04060003999620676,4
2,1021.0535290241241,0.03961993753910065,0.038616713136434555,0.04124602023512125,0.04024279583245516,4
2,1019.1233711242676,0.03919547237455845,0.03809417970478535,0.04093016218394041,0.03982886951416731,4
2,1017.193213224411,0.03872864693403244,0.037521312944591045,0.04057158436626196,0.039364250376820564,4
2,1015.2630553245544,0.0382255669683218,0.0369048323482275,0.04017645213752985,0.03885571751743555,4
2,1013.3328974246979,0.03769383765757084,0.036253235302865505,0.03975237067788839,0.03831176832318306,4
2,1011.4027395248413,0.037142304703593254,0.03557650651782751,0.039308080449700356,0.03774228226393461,4
2,1009.4725816249847,0.036579880863428116,0.034885041415691376,0.038851977325975895,0.037157137878239155,4
2,1007.5424237251282,0.03601476177573204,0.03418886475265026,0.03839101083576679,0.03656511381268501,4
2,1005.6122658252716,0.03545420244336128,0.03349726926535368,0.037930382415652275,0.03597344923764467,4
2,1003.682107925415,0.03490416333079338,0.03281840682029724,0.03747329767793417,0.03538754116743803,4
2,1001.7519500255585,0.03436868637800217,0.03215863462537527,0.037020557560026646,0.03481050580739975,4
2,999.8217921257019,0.033849457278847694,0.03152210125699639,0.03657034412026405,0.03424298809841275,4
2,997.8916342258453,0.03334586136043072,0.030910702422261238,0.03611869644373655,0.033683537505567074,4
2,995.9614763259888,0.032855138182640076,0.03032389609143138,0.03566024545580149,0.03312900336459279,4
2,994.0313184261322,0.03237191028892994,0.029757955111563206,0.03518816456198692,0.03257420938462019,4
2,992.1011605262756,0.03188759367913008,0.0292055350728333,0.03469354938715696,0.032011490780860186,4
2,990.1710026264191,0.03139071725308895,0.02865627408027649,0.03416547551751137,0.031431032344698906,4
2,988.2408447265625,0.030868206173181534,0.02809809846803546,0.0335920974612236,0.030821989756077528,4
2,986.3106868267059,0.03030695579946041,0.02751849964261055,0.032962179742753506,0.030173723585903645,4
2,984.3805289268494,0.0296953022480011,0.026905749458819628,0.03226649295538664,0.029476940166205168,4
2,982.4503710269928,0.029024402610957623,0.026250264141708612,0.03149910131469369,0.02872496284544468,4
2,980.5202131271362,0.02828936744481325,0.02554581081494689,0.030658431351184845,0.027914874721318483,4
2,978.5900552272797,0.027489750646054745,0.024789967574179173,0.0297476788982749,0.027047895826399326,4
2,976.6598973274231,0.02662903070449829,0.02398365642875433,0.028774230275303125,0.026128855999559164,4
2,974.7297394275665,0.025713009759783745,0.023129751905798912,0.02774800220504403,0.0251647443510592,4
2,972.79958152771,0.024747999384999275,0.022231542505323887,0.026679401751607656,0.024162944871932268,4
2,970.8694236278534,0.023740257136523724,0.02129246247932315,0.025578373111784458,0.023130578454583883,4
2,968.9392657279968,0.022696583531796932,0.020316931884735823,0.024454689119011164,0.022075037471950054,4
2,967.0091078281403,0.021624639630317688,0.019310832489281893,0.02331808442249894,0.021004277281463146,4
2,965.0789499282837,0.020532701164484024,0.018281339900568128,0.022177770733833313,0.019926409469917417,4
2,963.1487920284271,0.019429724663496017,0.017236887011677027,0.021042332984507084,0.018849495332688093,4
2,961.2186341285706,0.01832561381161213,0.01618725247681141,0.019920073449611664,0.017781712114810944,4
2,959.288476228714,0.017230911180377007,0.015143224038183689,0.01881902851164341,0.016731341369450092,4
2,957.3583183288574,0.016156219877302647,0.01411595894023776,0.017746828962117434,0.015706568025052547,4
2,955.4281604290009,0.015111995860934258,0.013116617919877172,0.016710792668163776,0.01471541472710669,4
2,953.4980025291443,0.014108546078205109,0.012156267650425434,0.015718086389824748,0.013765807962045074,4
2,951.5678446292877,0.013155494350939989,0.011245283065363765,0.014775419607758522,0.012865208322182298,4
2,949.6376867294312,0.01226050779223442,0.010392046184279025,0.013887899229303002,0.012019437621347606,4
2,947.7075288295746,0.01142790587618947,0.00960168510209769,0.013057612348347902,0.011231391574256122,4
2,945.777370929718,0.01065824506804347,0.008875689934939146,0.012283319607377052,0.010500764474272728,4
2,943.8472130298615,0.009948971215635538,0.008212263113819063,0.011561407707631588,0.009824699605815113,4
2,941.9170551300049,0.009295514319092035,0.0076070098439231515,0.01088722818531096,0.009198723710142076,4
2,939.9868972301483,0.008692614967003465,0.007054115645587444,0.010256396839395165,0.008617897517979145,4
2,938.0567393302917,0.008135711308568716,0.006547930650413036,0.009665862657129765,0.008078081998974085,4
2,936.1265814304352,0.007621880620718002,0.006084190565161407,0.009114489424973726,0.007576799369417131,4
2,934.1964235305786,0.007149907294660807,0.005660159571561962,0.008602924179285765,0.00711317645618692,4
2,932.266265630722,0.006719471653923392,0.005273814429529011,0.008132805931381881,0.0066871487069875,4
2,930.3361077308655,0.006329992786049843,0.004922858439385891,0.007705682888627052,0.0062985485419631004,4
2,928.4059498310089,0.005979914451017976,0.004604289017152041,0.007322135264985263,0.005946509831119329,4
2,926.4757919311523,0.005667033838108182,0.004314953577704728,0.006981732905842364,0.0056296526454389095,4
2,924.5456340312958,0.005389619618654251,0.004052688425872475,0.006683945190161467,0.00534701399737969,4
2,922.6154761314392,0.005146930227056146,0.0038167161983437836,0.006428627413697541,0.005098413384985179,4
2,920.6853182315826,0.004938533995300531,0.0036069380585104227,0.006215310306288302,0.004883714369498193,4
2,918.7551603317261,0.004763557109981775,0.0034231842146255076,0.006042561843059957,0.004702188947703689,4
2,916.8250024318695,0.004620789550244808,0.0032652575755491853,0.00590821192599833,0.004552679951302707,4
2,914.8948445320129,0.00450887402985245,0.0031331550562754273,0.005809428286738694,0.004433709313161671,4
2,912.9646866321564,0.004425946273840964,0.0030267812544479966,0.005742373061366379,0.004343208041973412,4
2,911.0345287322998,0.004369308240711689,0.0029454751347657293,0.005702224560081959,0.004278391454135999,4
2,909.1043708324432,0.004335443954914808,0.0028877582226414233,0.005683489027433097,0.0042358032951597124,4
2,907.1742129325867,0.004319861531257629,0.0028511360578704625,0.0056799325393512845,0.004211207065964118,4
2,905.2440550327301,0.00431661494076252,0.002831776102539152,0.005684025236405432,0.004199186398182064,4
2,903.3138971328735,0.004317964776419103,0.002824156719725579,0.005686481366865337,0.004192673310171813,4
2,901.383739233017,0.004314816673286259,0.002821158734150231,0.005676923552528024,0.004183265613391995,4
2,899.4535813331604,0.0042980111902579665,0.0028149434365332127,0.005645572207868099,0.004162504454143345,4
2,897.5234234333038,0.004259499488398433,0.0027980715385638177,0.0055844009621068835,0.0041229730122722685,4
2,895.5932655334473,0.004193186177872121,0.002764592703897506,0.005487650167196989,0.004059056693222374,4
2,893.6631076335907,0.004095855401828885,0.0027111184899695218,0.005352569976821542,0.0039678330649621785,4
2,891.7329497337341,0.003967344062402844,0.0026369404222350568,0.005179626634344459,0.003849222994176671,4
2,889.8027918338776,0.003809576970525086,0.0025429556553717703,0.0049716143403202295,0.003704993025166914,4
2,887.872633934021,0.003625672892667353,0.00243072395096533,0.004732805420644581,0.003537856478942558,4
2,885.9424760341644,0.0034196943743154407,0.002302401582710445,0.004468682804144919,0.003351390012539923,4
2,884.0123181343079,0.00319647288415581,0.002160926553187892,0.004185608355328441,0.0031500620243605226,4
2,882.0821602344513,0.0029613018268719316,0.002009948337217793,0.0038902153610251844,0.0029388618713710457,4
2,880.1520023345947,0.002719902782700956,0.0018537007563281804,0.0035892223240807652,0.00272302029770799,4
2,878.2218444347382,0.002478395530488342,0.001696731080301106,0.0032894861069507897,0.0025078216567635536,4
2,876.2916865348816,0.002242538204882294,0.0015432634099852294,0.002997212635818869,0.0022979378409218043,4
2,874.361528635025,0.002016987360548228,0.0013968222483526915,0.002717126510106027,0.0020969613979104906,4
2,872.4313707351685,0.0018056569388136268,0.0012605473457369953,0.002452918270137161,0.0019078086770605296,4
2,870.5012128353119,0.0016183845000341535,0.0011463350529083982,0.0022096485481597483,0.001737599101033993,4
3,3399.008061647415,0.023547844029963017,0.019295258913189173,0.0243630763143301,0.02218907481680314,6
3,3397.0779037475586,0.023616679944097996,0.019346977584064007,0.02444466110318899,0.022255698529382546,6
3,3395.147745847702,0.023684736341238022,0.01939858589321375,0.024525457993149757,0.02232217447211345,6
3,3393.2175879478455,0.023752398788928986,0.019450882449746132,0.024605770595371723,0.02238896582275629,6
3,3391.287430047989,0.0238198759034276,0.019504209980368614,0.024686158169060946,0.022456392645835876,6
3,3389.3572721481323,0.02388664521276951,0.019557209219783545,0.024765880312770605,0.022523551248013973,6
3,3387.4271142482758,0.023952169343829155,0.019607646856456995,0.024843407794833183,0.02258910487095515,6
3,3385.496956348419,0.024016909301280975,0.019654532428830862,0.02491828380152583,0.022652906365692616,6
3,3383.5667984485626,0.02408231981098652,0.01969904126599431,0.024991692043840885,0.022716287213067215,6
3,3381.636640548706,0.024150042794644833,0.019743219017982483,0.02506552590057254,0.02278090827167034,6
3,3379.7064826488495,0.024221301078796387,0.01978875882923603,0.025141708552837372,0.022848012546698254,6
3,3377.776324748993,0.024296733550727367,0.019837128929793835,0.025221704971045256,0.022918485415478546,6
3,3375.8461668491364,0.02437608689069748,0.019889345858246088,0.025305537041276693,0.022992477441827457,6
3,3373.91600894928,0.024457799270749092,0.019944885279983282,0.025391275994479656,0.0230686462794741,6
3,3371.985851049423,0.02453929465264082,0.020001729018986225,0.02547590108588338,0.02314442613472541,6
3,3370.0556931495667,0.024618279188871384,0.02005798788741231,0.0255570518784225,0.023217641127606232,6
3,3368.12553524971,0.024694107472896576,0.020113319624215364,0.025634662713855505,0.02328809443861246,6
3,3366.1953773498535,0.024768059141933918,0.020169047638773918,0.025711061898618937,0.02335762729247411,6
3,3364.265219449997,0.024842260405421257,0.02022727020084858,0.025789278093725443,0.023428711108863354,6
3,3362.3350615501404,0.024918245151638985,0.020289697218686342,0.025871114805340767,0.02350298346330722,6
3,3360.404903650284,0.024996318854391575,0.02035680692642927,0.02595671871677041,0.023580798568824928,6
3,3358.4747457504272,0.02507595159113407,0.020427938550710678,0.0260456670075655,0.0236617773771286,6
3,3356.5445878505707,0.02515650074928999,0.020502127707004547,0.026137821841984987,0.023745435290038586,6
3,3354.614429950714,0.025237640365958214,0.020578698720782995,0.026233074255287647,0.023831312234203022,6
3,3352.6842720508575,0.02531970478594303,0.020657343789935112,0.026331218890845776,0.0239191185683012,6
3,3350.754114151001,0.02540353313088417,0.020737826824188232,0.02643235819414258,0.02400886546820402,6
3,3348.8239562511444,0.025489351712167263,0.0208192877471447,0.02653648890554905,0.024100282229483128,6
3,3346.893798351288,0.025575646199285984,0.020899656228721142,0.02664216933771968,0.024191842414438725,6
3,3344.9636404514313,0.025659611448645592,0.020975975785404444,0.026746223215013742,0.024280755470196407,6
3,3343.0334825515747,0.02573907282203436,0.021045696455985308,0.02684543887153268,0.024364483853181202,6
3,3341.103324651718,0.025813672691583633,0.021107905078679323,0.026938470546156168,0.024442201480269432,6
3,3339.1731667518616,0.025883915834128857,0.021163106430321932,0.02702569169923663,0.024514345762630303,6
3,3337.243008852005,0.0259498693048954,0.02121191890910268,0.02710764342918992,0.0245811864733696,6
3,3335.3128509521484,0.02601123694330454,0.021254638209939003,0.02718431083485484,0.02464248053729534,6
3,3333.382693052292,0.0260677682235837,0.021291678305715322,0.02725521055981517,0.02469787249962489,6
3,3331.4525351524353,0.026119104586541653,0.02132335491478443,0.027319122571498156,0.02474681505312522,6
3,3329.5223772525787,0.026164915412664413,0.02134960936382413,0.02737444546073675,0.024788619950413704,6
3,3327.592219352722,0.026205332018435,0.021370668429881334,0.02742060460150242,0.02482316518823306,6
3,3325.6620614528656,0.026241001673042774,0.021387441083788872,0.02745861280709505,0.024851294544835884,6
3,3323.731903553009,0.026272938586771488,0.0214009927585721,0.02749042771756649,0.024874551842610042,6
3,3321.8017456531525,0.026302482932806015,0.02141247084364295,0.027518391143530607,0.024894845051070053,6
3,3319.871587753296,0.026330956257879734,0.021423352416604757,0.02754488866776228,0.024914040230214596,6
3,3317.9414298534393,0.026359171606600285,0.021434950176626444,0.027571817860007286,0.02493342912445466,6
3,3316.0112719535828,0.026387568563222885,0.021447814535349607,0.02760032471269369,0.024953645654022694,6
3,3314.081114053726,0.02641672920435667,0.02146216854453087,0.02763118827715516,0.024975177521506946,6
3,3312.1509561538696,0.02644750475883484,0.02147854957729578,0.02766524814069271,0.024998735326031845,6
3,3310.220798254013,0.02648088149726391,0.021497579757124186,0.027703181374818087,0.02502502066393693,6
3,3308.2906403541565,0.026517881080508232,0.02151939133182168,0.02774517936632037,0.025054418481886387,6
3,3306.3604824543,0.02655902039259672,0.021543340291827917,0.027791091240942478,0.02508686265597741,6
3,3304.4303245544434,0.026603301987051964,0.021567796356976032,0.027840147260576487,0.0251214321081837,6
3,3302.500166654587,0.026648154482245445,0.021590733900666237,0.027890609111636877,0.02515637781471014,6
3,3300.57000875473,0.026691043749451637,0.02161132823675871,0.027940608095377684,0.025190227665007114,6
3,3298.6398508548737,0.026731121353805065,0.021630503237247467,0.027989378664642572,0.025222717473904293,6
3,3296.709692955017,0.026769197545945644,0.021649868227541447,0.028037300799041986,0.025254589195052784,6
3,3294.7795350551605,0.02680628653615713,0.02167048677802086,0.028084748424589634,0.025286616136630375,6
3,3292.849377155304,0.026842393912374973,0.0216924287378788,0.02813113620504737,0.025318757630884647,6
3,3290.9192192554474,0.026876802556216717,0.021715371869504452,0.02817527810111642,0.025350351507465046,6
3,3288.989061355591,0.02690879814326763,0.021739230025559664,0.028216025792062283,0.025380693065623443,6
3,3287.0589034557343,0.026937424205243587,0.02176342671737075,0.028252041433006525,0.025408793551226456,6
3,3285.1287455558777,0.026961058378219604,0.021786091849207878,0.028281594160944223,0.025433052020768326,6
3,3283.198587656021,0.026977569796144962,0.02180486498400569,0.02830295031890273,0.02545161359012127,6
3,3281.2684297561646,0.026984738186001778,0.021817929111421108,0.0283145634457469,0.025462750655909378,6
3,3279.338271856308,0.026981079019606113,0.021824159659445286,0.028315267991274595,0.025465235114097595,6
3,3277.4081139564514,0.0269666975364089,0.021823575720191002,0.028305140789598227,0.02545909211039543,6
3,3275.477956056595,0.026942909695208073,0.021817744709551334,0.028285809326916933,0.02544569286207358,6
3,3273.5477981567383,0.02691090852022171,0.02180851809680462,0.028259071055799723,0.02542644366621971,6
3,3271.6176402568817,0.026870992965996265,0.021796337328851223,0.028225331101566553,0.02540147180358569,6
3,3269.687482357025,0.026822892017662525,0.021780373062938452,0.028183590155094862,0.02536982266853253,6
3,3267.7573244571686,0.026766398921608925,0.02175979223102331,0.02813264448195696,0.025330579839646816,6
3,3265.827166557312,0.026701604947447777,0.021734020672738552,0.028071940410882235,0.025283359612027805,6
3,3263.8970086574554,0.026628785766661167,0.021702227648347616,0.02800158178433776,0.02522803967197736,6
3,3261.966850757599,0.02654808945953846,0.021663486026227474,0.027921960689127445,0.025164503914614517,6
3,3260.0366928577423,0.02645919192582369,0.021617434453219175,0.027833403553813696,0.02509260519097249,6
3,3258.1065349578857,0.02636173740029335,0.021564834285527468,0.0277362996712327,0.02501252293586731,6
3,3256.176377058029,0.026256616227328777,0.02150793746113777,0.027631975710392,0.024925531819462776,6
3,3254.2462191581726,0.02614618744701147,0.02144953655079007,0.027522820979356766,0.024833816724518936,6
3,3252.316061258316,0.026032774709165096,0.021391069050878286,0.02741079917177558,0.024739043476680916,6
3,3250.3859033584595,0.025917344726622105,0.021332205273211002,0.027296144980937243,0.024641571876903374,6
3,3248.455745458603,0.02579955104738474,0.021271863020956516,0.02717785071581602,0.02454092726111412,6
3,3246.5255875587463,0.025678650476038456,0.0212091444991529,0.027055281680077314,0.024436628445982933,6
3,3244.5954296588898,0.025554650463163853,0.021144078578799963,0.026929276064038277,0.0243290305758516,6
3,3242.665271759033,0.02542876172810793,0.02107752813026309,0.02680174447596073,0.02421955360720555,6
3,3240.7351138591766,0.025302703492343426,0.02101003797724843,0.026674647349864244,0.024109882302582264,6
3,3238.80495595932,0.02517773676663637,0.020941387861967087,0.02654951997101307,0.024001164361834526,6
3,3236.8747980594635,0.025054444558918476,0.020871287677437067,0.026427168864756823,0.02389391139149666,6
3,3234.944640159607,0.02493337355554104,0.020800019148737192,0.026307719759643078,0.023788449354469776,6
3,3233.0144822597504,0.024815842509269714,0.020728840492665768,0.026191699784249067,0.02368573782344659,6
3,3231.084324359894,0.024703558534383774,0.020660011563450098,0.026080843061208725,0.023587604674200218,6
3,3229.1541664600372,0.024597179144620895,0.020595537032932043,0.02597674261778593,0.023495507737000782,6
3,3227.2240085601807,0.024495881982147694,0.02053578896448016,0.025879065040498972,0.023409251123666763,6
3,3225.293850660324,0.024398526176810265,0.02047987189143896,0.025786148849874735,0.023327515770991642,6
3,3223.3636927604675,0.0243049506098032,0.02042717533186078,0.02569700963795185,0.023249559414883453,6
3,3221.433534860611,0.024216115474700928,0.0203780815936625,0.02561214193701744,0.02317595419784387,6
3,3219.5033769607544,0.024133100174367428,0.020333314314484596,0.02553284540772438,0.02310776648422082,6
3,3217.573219060898,0.024055948480963707,0.02029311889782548,0.025459917727857828,0.023045298643410206,6
3,3215.6430611610413,0.02398362196981907,0.020257404074072838,0.025392675306648016,0.02298776526004076,6
3,3213.7129032611847,0.023915063589811325,0.02022644318640232,0.025329535361379385,0.022934201794366043,6
3,3211.782745361328,0.023849891498684883,0.02020068559795618,0.025269456673413515,0.02288421584914128,6
3,3209.8525874614716,0.02378761302679777,0.02017943188548088,0.025211952161043882,0.022837286504606407,6
3,3207.922429561615,0.023726368322968483,0.020160203333944082,0.0251555391587317,0.022791634313762188,6
3,3205.9922716617584,0.023662962950766087,0.020140035543590784,0.025097027886658907,0.022744404152035713,6
3,3204.062113761902,0.02359413169324398,0.020117032807320356,0.025032822974026203,0.022692873142659664,6
3,3202.1319558620453,0.023517781868577003,0.020090388134121895,0.024960836861282587,0.022635340069731075,6
3,3200.2017979621887,0.023433824069797993,0.020060028415173292,0.024881438817828894,0.0225716270506382,6
3,3198.271640062332,0.023344283923506737,0.02002685470506549,0.024796875193715096,0.022503277597328026,6
3,3196.3414821624756,0.023252003826200962,0.019992148503661156,0.02470954181626439,0.022432558548947174,6
3,3194.411324262619,0.023158646188676357,0.019956165459007025,0.024620459880679846,0.022360672242939472,6
3,3192.4811663627625,0.02306388132274151,0.01991787040606141,0.024529045447707176,0.022287136875092983,6
3,3190.551008462906,0.022966418415308,0.01987618813291192,0.02443406730890274,0.022210875526070595,6
3,3188.6208505630493,0.022865586914122105,0.019831382669508457,0.024335072841495275,0.02213161811232567,6
3,3186.6906926631927,0.022761824540793896,0.019785199780017138,0.0242331949993968,0.022050298129518826,6
3,3184.760534763336,0.022655964829027653,0.019739639945328236,0.024130480829626322,0.021968332429726917,6
3,3182.8303768634796,0.022548670880496502,0.019695589318871498,0.024028323125094175,0.021886613530417282,6
3,3180.900218963623,0.022440863773226738,0.019652793183922768,0.02392709068953991,0.021805403754115105,6
3,3178.9700610637665,0.022334348410367966,0.019610988907516003,0.023827454075217247,0.02172524171570937,6
3,3177.03990316391,0.02223124820739031,0.01957058161497116,0.023730892688035965,0.021647261455655098,6
3,3175.1097452640533,0.022132561542093754,0.019532080739736557,0.02363852085545659,0.02157224187006553,6
3,3173.179587364197,0.0220375657081604,0.01949541410431266,0.023550267331302166,0.02149987065543731,6
3,3171.24942946434,0.02194468304514885,0.019460073206573725,0.02346508763730526,0.021429147571325302,6
3,3169.3192715644836,0.02185290213674307,0.019425830338150263,0.023381805513054132,0.021359454840421677,6
3,3167.389113664627,0.021762237884104252,0.019392911810427904,0.023300140630453825,0.02129109390079975,6
3,3165.4589557647705,0.021672610193490982,0.019360992591828108,0.02322040032595396,0.021224295410017174,6
3,3163.528797864914,0.021582758985459805,0.01932865008711815,0.02314189774915576,0.021158059127628803,6
3,3161.5986399650574,0.021490813232958317,0.01929460372775793,0.023062541615217924,0.021090707431236904,6
3,3159.668482065201,0.021395467221736908,0.01925878832116723,0.022980154491961002,0.021021064681311447,6
3,3157.7383241653442,0.021296320483088493,0.019221466965973377,0.022893592715263367,0.020948545386393864,6
3,3155.8081662654877,0.021193809807300568,0.01918216608464718,0.022802782710641623,0.020872851523260277,6
3,3153.878008365631,0.02108903508633375,0.019139983225613832,0.022708137519657612,0.02079403803994258,6
3,3151.9478504657745,0.02098271530121565,0.019093936309218407,0.022609513718634844,0.02071205588678519,6
3,3150.017692565918,0.020873953588306904,0.019042583648115396,0.022505320142954588,0.020625869433085125,6
3,3148.0875346660614,0.02076070476323366,0.018984180875122547,0.022393290419131517,0.020533718168735504,6
3,3146.157376766205,0.02064144518226385,0.01891767280176282,0.022272382397204638,0.020434443838894367,6
3,3144.2272188663483,0.020516052842140198,0.018843350000679493,0.02214345568791032,0.020328199801345665,6
3,3142.2970609664917,0.020385533571243286,0.018762605264782906,0.022008433938026428,0.020216140585641067,6
3,3140.366903066635,0.020251410081982613,0.018677116371691227,0.021869224030524492,0.020099729609986145,6
3,3138.4367451667786,0.020115219987928867,0.018587997183203697,0.021727098617702723,0.019980141272147495,6
3,3136.506587266922,0.019978278316557407,0.018495557364076376,0.021582620684057474,0.019858077789346378,6
3,3134.5764293670654,0.01984161790460348,0.01839987700805068,0.021436285227537155,0.019734100438654423,6
3,3132.646271467209,0.019705988466739655,0.018301631789654493,0.021289227530360222,0.01960900394866864,6
3,3130.7161135673523,0.019571744836866856,0.018202271312475204,0.02114287856966257,0.019483653207619984,6
3,3128.7859556674957,0.01943892426788807,0.01810360513627529,0.0209984271787107,0.019358819040159386,6
3,3126.855797767639,0.019307942129671574,0.018007774371653795,0.020857404451817274,0.019235815852880478,6
3,3124.9256398677826,0.01918039098381996,0.017917418386787176,0.020722446031868458,0.01911715231835842,6
3,3122.995481967926,0.019058961421251297,0.01783522730693221,0.020596920512616634,0.01900606493776043,6
3,3121.0653240680695,0.018946310505270958,0.017763065174221992,0.02048372896388173,0.018905222260703642,6
3,3119.135166168213,0.018843884579837322,0.017701517324894667,0.020384212024509907,0.018815788285185892,6
3,3117.2050082683563,0.018751845695078373,0.01765043381601572,0.020298069808632135,0.01873771691073974,6
3,3115.2748503684998,0.018669663928449154,0.01760962512344122,0.020224137231707573,0.01867052571227153,6
3,3113.344692468643,0.01859669666737318,0.0175788220949471,0.02016108389943838,0.018613568662355345,6
3,3111.4145345687866,0.01853274181485176,0.01755736256018281,0.0201077526435256,0.018566103652119637,6
3,3109.48437666893,0.018477991223335266,0.01754413964226842,0.020063130650669336,0.01852735411375761,6
3,3107.5542187690735,0.01843211706727743,0.017537507228553295,0.020025943871587515,0.018496177935351927,6
3,3105.624060869217,0.018393702805042267,0.017535326536744833,0.019994353875517845,0.01847079349681735,6
3,3103.6939029693604,0.0183611074462533,0.01753575447946787,0.01996663399040699,0.01844949818526705,6
3,3101.763745069504,0.018333686515688896,0.01753805298358202,0.019942268263548613,0.018431663202742737,6
3,3099.833587169647,0.018311512656509876,0.017542023677378893,0.0199216241016984,0.018417291653652985,6
3,3097.9034292697906,0.018294187262654305,0.01754702627658844,0.0199045124463737,0.018405872862786055,6
3,3095.973271369934,0.018280627205967903,0.017552195582538843,0.019889713265001774,0.01839635195210576,6
3,3094.0431134700775,0.018269499763846397,0.017556896433234215,0.01987554132938385,0.01838759845122695,6
3,3092.112955570221,0.018259226344525814,0.01756033208221197,0.019860294181853533,0.018378352435926597,6
3,3090.1827976703644,0.018247689120471478,0.01756107108667493,0.019842274021357298,0.018366999303301174,6
3,3088.252639770508,0.018232304602861404,0.017557351384311914,0.01981984032317996,0.01835163092861573,6
3,3086.3224818706512,0.018210869282484055,0.01754800509661436,0.019791882950812578,0.01833060011267662,6
3,3084.3923239707947,0.018182283267378807,0.017533034551888704,0.01975815836340189,0.018303137583037216,6
3,3082.462166070938,0.0181464571505785,0.017513399943709373,0.019719215109944344,0.018269562162458897,6
3,3080.5320081710815,0.018104325979948044,0.017490658443421125,0.01967659406363964,0.01823139376938343,6
3,3078.601850271225,0.018058056943118572,0.01746675092726946,0.01963292621076107,0.01819119059170286,6
3,3076.6716923713684,0.018010166473686695,0.01744343200698495,0.019590820651501417,0.0181514381741484,6
3,3074.741534471512,0.017961937934160233,0.017421436961740255,0.019551311153918505,0.01811321188385288,6
3,3072.8113765716553,0.01791297923773527,0.017400328535586596,0.019513698760420084,0.01807605056092143,6
3,3070.8812186717987,0.017862193286418915,0.01737921964377165,0.01947652269154787,0.018038890169312555,6
3,3068.951060771942,0.017809009179472923,0.017357799224555492,0.019438537303358316,0.01800104680781563,6
3,3067.0209028720856,0.017754114232957363,0.017336932010948658,0.019399396143853664,0.01796277208874623,6
3,3065.090744972229,0.017698984593153,0.017317949328571558,0.019359662663191557,0.017924899235367775,6
3,3063.1605870723724,0.017644339241087437,0.017300970386713743,0.01931141596287489,0.017887574930985767,6
3,3061.230429172516,0.017589585855603218,0.017284540459513664,0.019249567296355963,0.017849783102671306,6
3,3059.3002712726593,0.017534159123897552,0.017267238814383745,0.019186088349670172,0.017810572404414415,6
3,3057.3701133728027,0.01747851073741913,0.017248942516744137,0.0191216841340065,0.017770165111869574,6
3,3055.439955472946,0.01743953488767147,0.017213836777955294,0.019057467114180326,0.01772925319770972,6
3,3053.5097975730896,0.01740669645369053,0.017171797808259726,0.018993251025676727,0.017687600726882618,6
3,3051.579639673233,0.017371893860399723,0.017128522507846355,0.018927464727312326,0.017643896241982777,6
3,3049.6494817733765,0.01733357273042202,0.01708286441862583,0.018858368042856455,0.017596606630831957,6
3,3047.71932387352,0.017290321178734303,0.017033763229846954,0.018784640356898308,0.017544430525352556,6
3,3045.7891659736633,0.01724076084792614,0.01697992254048586,0.018705023918300867,0.01748612305770318,6
3,3043.8590080738068,0.017183423973619938,0.016920039895921946,0.018618018366396427,0.017420402417580288,6
3,3041.92885017395,0.017117389477789402,0.01685354020446539,0.018522337079048157,0.01734643445039789,6
3,3039.9986922740936,0.01704316958785057,0.016781179700046778,0.018417945131659508,0.01726464352880915,6
3,3038.068534374237,0.016962626948952675,0.01669852575287223,0.01831291103735566,0.017176886089146137,6
3,3036.1383764743805,0.01687823049724102,0.016607397235929966,0.0182106988504529,0.017085835648079712,6
3,3034.208218574524,0.016792798414826393,0.016517330892384052,0.01810757163912058,0.016994488270332415,6
3,3032.2780606746674,0.016709175892174244,0.01643126644194126,0.018006011843681335,0.01690570389231046,6
3,3030.347902774811,0.016629116609692574,0.01635133009403944,0.017907533328980207,0.01682127406820655,6
3,3028.417744874954,0.0165525134652853,0.016278454568237066,0.01781229954212904,0.01674142697205146,6
3,3026.4875869750977,0.01647812221199274,0.016213155817240477,0.017719542607665062,0.016665597291042406,6
3,3024.557429075241,0.01640491746366024,0.016156349331140518,0.017628525849431753,0.01659344711030523,6
3,3022.6272711753845,0.01634268183261156,0.016099655535072088,0.017539314460009336,0.016525255826612312,6
3,3020.697113275528,0.01631497498601675,0.016022191382944584,0.017452773172408342,0.016461866442114115,6
3,3018.7669553756714,0.01629758160561323,0.01595100248232484,0.017369797453284264,0.016404249394933384,6
3,3016.836797475815,0.016291318461298943,0.015887127723544836,0.017290757037699223,0.01635301159694791,6
3,3014.9066395759583,0.016296563670039177,0.01583158504217863,0.017215974163264036,0.01630863283450405,6
3,3012.9764816761017,0.01631374005228281,0.015785654075443745,0.017146244179457426,0.016271830070763826,6
3,3011.046323776245,0.016342738643288612,0.015750125516206026,0.017082134261727333,0.016242971022923786,6
3,3009.1161658763885,0.01638222113251686,0.01571249309927225,0.017034942284226418,0.016221304268886644,6
3,3007.186007976532,0.016430006362497807,0.015660475939512253,0.017013746313750744,0.01620515265191595,6
3,3005.2558500766754,0.016483950428664684,0.015611430164426565,0.016998158302158117,0.01619276435424884,6
3,3003.325692176819,0.01654243841767311,0.015564954839646816,0.016987334471195936,0.016183061214784782,6
3,3001.3955342769623,0.016604536212980747,0.015521603636443615,0.01698132697492838,0.016175890962282818,6
3,2999.4653763771057,0.016591613180935383,0.015482335118576884,0.01705898204818368,0.01617178802068035,6
3,2997.535218477249,0.016557298600673676,0.015448391903191805,0.01712075574323535,0.016171869511405628,6
3,2995.6050605773926,0.016529494896531105,0.015421777497977018,0.017073980532586575,0.01617805240675807,6
3,2993.674902677536,0.016510785557329655,0.015405126148834825,0.01703737350180745,0.016192894118527573,6
3,2991.7447447776794,0.016503258608281612,0.015400841133669019,0.017014808487147093,0.01621889416128397,6
3,2989.814586877823,0.016508007422089577,0.01541050709784031,0.017009600531309843,0.01625786768272519,6
3,2987.8844289779663,0.01652532909065485,0.015434825094416738,0.01702391216531396,0.016310821597774822,6
3,2985.9542710781097,0.016555228270590305,0.015473612817004323,0.017058410681784153,0.016378029870490234,6
3,2984.024113178253,0.01659751497209072,0.015525780618190765,0.017112229950726032,0.016459018147240084,6
3,2982.0939552783966,0.016651643440127373,0.015589663293212652,0.017183718271553516,0.01655276616414388,6
3,2980.16379737854,0.016716795042157173,0.015663588885217905,0.017271338030695915,0.016658094711601734,6
3,2978.2336394786835,0.016792193055152893,0.015746241668239236,0.01737372064962983,0.016773862453798454,6
3,2976.303481578827,0.01687750220298767,0.015836894046515226,0.017489489167928696,0.016899206830809515,6
3,2974.3733236789703,0.016972696408629417,0.0159352938644588,0.017617239151149988,0.017033572153498728,6
3,2972.4431657791138,0.017077072523534298,0.016040791757404804,0.017755031120032072,0.017175888642668724,6
3,2970.513007879257,0.01718863844871521,0.01615169085562229,0.017899926751852036,0.017323861674716074,6
3,2968.5828499794006,0.017304721288383007,0.016265758778899908,0.018048344645649195,0.01747446445127328,6
3,2966.652692079544,0.017422698438167572,0.016380834858864546,0.01819655764847994,0.01762472341458003,6
3,2964.7225341796875,0.017540245316922665,0.016494914889335632,0.01834100717678666,0.017772049487878878,6
3,2962.792376279831,0.017655796371400356,0.016606486402451992,0.018478957004845142,0.017914627368251484,6
3,2960.8622183799744,0.017768915742635727,0.01671496545895934,0.01860894588753581,0.0180516770730416,6
3,2958.932060480118,0.017880077473819256,0.016820726450532675,0.018730540294200182,0.018183335661888123,6
3,2957.0019025802612,0.017990333028137684,0.01692491862922907,0.018844210542738438,0.0183106545979778,6
3,2955.0717446804047,0.018101018853485584,0.017029013484716415,0.01895148493349552,0.01843551453202963,6
3,2953.141586780548,0.018213409930467606,0.01713424827903509,0.019054665230214596,0.018560171437760193,6
3,2951.2114288806915,0.01832855585962534,0.017241613939404488,0.0191563768312335,0.01868694523970286,6
3,2949.281270980835,0.01844706293195486,0.017351989168673754,0.019259269814938307,0.01881799443314473,6
3,2947.3511130809784,0.018568911589682102,0.01746598770841956,0.01936573116108775,0.01895493610451619,6
3,2945.420955181122,0.01869362685829401,0.017583771143108606,0.01947756763547659,0.019098542009790737,6
3,2943.4907972812653,0.018820573575794697,0.01770483050495386,0.019595697056502104,0.019248618123432,6
3,2941.5606393814087,0.01894906722009182,0.017827817238867283,0.019719787407666445,0.01940398880590995,6
3,2939.630481481552,0.019078207202255726,0.017950653564184904,0.019848222378641367,0.01956255765010913,6
3,2937.7003235816956,0.019200137816369534,0.01807084959000349,0.01998526928946376,0.01972150895744562,6
3,2935.770165681839,0.019314447417855263,0.01818575384095311,0.02012724382802844,0.01987751169751088,6
3,2933.8400077819824,0.01942487619817257,0.01829260028898716,0.020265487022697926,0.020026715161899727,6
3,2931.909849882126,0.019528980366885662,0.01838870020583272,0.020396627951413393,0.020164948267241318,6
3,2929.9796919822693,0.01962408982217312,0.018471682909876108,0.0205173185095191,0.020288101707895596,6
3,2928.0495340824127,0.019707167521119118,0.018539165146648884,0.020624179393053055,0.02039191530396541,6
3,2926.119376182556,0.019774778746068478,0.018588481470942497,0.020713417325168848,0.02047175479431947,6
3,2924.1892182826996,0.01982400380074978,0.018617414869368076,0.020781622268259525,0.020523587552209694,6
3,2922.259060382843,0.019853312522172928,0.018624973949044943,0.020826744846999645,0.020545124697188537,6
3,2920.3289024829865,0.019862261600792408,0.018611105624586344,0.020847906824201345,0.020535709336400032,6
3,2918.39874458313,0.019851014018058777,0.018576230388134718,0.020845044404268265,0.02049582762022813,6
3,2916.4685866832733,0.01982052903622389,0.018521446734666824,0.02081902790814638,0.020427143201231956,6
3,2914.5384287834167,0.019772468134760857,0.01844861963763833,0.02077146479859948,0.020332380197942257,6
3,2912.60827088356,0.019708632491528988,0.01836019940674305,0.020704370457679033,0.020214985745648544,6
3,2910.6781129837036,0.019631100818514824,0.018259179312735796,0.020620370283722878,0.020079167559742928,6
3,2908.747955083847,0.0195426968857646,0.0181488492526114,0.02052281377837062,0.019929803907871246,6
3,2906.8177971839905,0.019446810707449913,0.01803242275491357,0.020415432285517454,0.019771944421033066,6
3,2904.887639284134,0.019346931017935276,0.017913101706653833,0.020302115939557552,0.019610510828594368,6
3,2902.9574813842773,0.01924643386155367,0.01779423700645566,0.020186750683933496,0.0194501510510842,6
3,2901.027323484421,0.019148507155478,0.017679059877991676,0.02007289743050933,0.019294935278594494,6
3,2899.097165584564,0.019055978395044804,0.017570183612406254,0.019963403698056936,0.019148019142448902,6
3,2897.1670076847076,0.01897094026207924,0.017469285521656275,0.01986019778996706,0.019011519538859527,6
3,2895.236849784851,0.01889451313763857,0.01737725269049406,0.01976439170539379,0.018886735041936237,6
3,2893.3066918849945,0.018827125430107117,0.017294554971158504,0.019676650408655405,0.018774522158006828,6
3,2891.376533985138,0.018769122660160065,0.01722158631309867,0.01959757413715124,0.018675602972507477,6
3,2889.4463760852814,0.018721066415309906,0.01715877838432789,0.019527818076312542,0.018590691188971203,6
3,2887.516218185425,0.018683524802327156,0.017106657847762108,0.019468037877231836,0.018520505477984745,6
3,2885.5860602855682,0.018656798638403416,0.017065828200429678,0.019418958108872175,0.018465735328694183,6
3,2883.6559023857117,0.018640809692442417,0.017036630306392908,0.01938108168542385,0.01842669366548459,6
3,2881.725744485855,0.018635045737028122,0.01701879035681486,0.019354057498276234,0.018402831628918648,6
3,2879.7955865859985,0.018638928420841694,0.017011641059070826,0.019336953293532133,0.01839300182958444,6
3,2877.865428686142,0.018652101047337055,0.01701434561982751,0.019328942522406578,0.01839599075416724,6
3,2875.9352707862854,0.018673773854970932,0.01702546328306198,0.01932889735326171,0.01841020832459132,6
3,2874.005112886429,0.018701985478401184,0.017042572610080242,0.0193346724845469,0.018433127862711746,6
3,2872.0749549865723,0.018733982928097248,0.017062813509255648,0.019343392923474312,0.01846157821516196,6
3,2870.1447970867157,0.0187669824808836,0.017083550803363323,0.01935207052156329,0.018492299132049084,6
3,2868.214639186859,0.018798265606164932,0.017102402169257402,0.019357820972800255,0.018521978830297787,6
3,2866.2844812870026,0.01882512867450714,0.01711712870746851,0.019358052872121334,0.018547225433091324,6
3,2864.354323387146,0.01884529646486044,0.017125744372606277,0.019350746646523476,0.018564866855740547,6
3,2862.4241654872894,0.01885718386620283,0.017126438673585653,0.019334326032549143,0.018572065668801468,6
3,2860.494007587433,0.0188596835359931,0.017117567360401154,0.019307327922433615,0.018566194611291092,6
3,2858.5638496875763,0.0188518138602376,0.017092889174818993,0.01927323406562209,0.018544772018988926,6
3,2856.6336917877197,0.018832439556717873,0.01705458154901862,0.01922721229493618,0.018505373348792393,6
3,2854.703533887863,0.018800294026732445,0.01700264820829034,0.019166412763297558,0.01844568985203902,6
3,2852.7733759880066,0.018754185177385807,0.016935661900788546,0.01908955443650484,0.01836382318288088,6
3,2850.84321808815,0.018693151883780956,0.016852240078151226,0.018996013794094324,0.01825863899042209,6
3,2848.9130601882935,0.018616829067468643,0.01675158180296421,0.018885983154177666,0.018130239720145862,6
3,2846.982902288437,0.01852608285844326,0.016634237486869097,0.018760705832391977,0.017980452937384445,6
3,2845.0527443885803,0.01842315588146448,0.016502545215189457,0.018622574862092733,0.017812893105049927,6
3,2843.1225864887238,0.01829754188656807,0.016360291745513678,0.01848854124546051,0.017632485056916874,6
3,2841.192428588867,0.01813097670674324,0.016211742535233498,0.01838389551267028,0.017444575826327007,6
3,2839.2622706890106,0.01796073652803898,0.016060730209574103,0.01827788120135665,0.017254065722227097,6
3,2837.332112789154,0.017790495418012142,0.01591056352481246,0.017978819552809,0.017065195366740227,6
3,2835.4019548892975,0.017549024894833565,0.01576451980508864,0.017723689787089825,0.016881914343684912,6
3,2833.471796989441,0.017292517237365246,0.015605214750394225,0.01752909878268838,0.0167078860104084,6
3,2831.5416390895844,0.017054282128810883,0.015428127953782678,0.017375160939991474,0.016545810115834076,6
3,2829.611481189728,0.016836434602737427,0.01526571367867291,0.01723193097859621,0.01639699221899112,6
3,2827.681323289871,0.016640083864331245,0.01511851605027914,0.01709973718971014,0.01626183046028018,6
3,2825.7511653900146,0.01646595634520054,0.01498710853047669,0.016978611703962088,0.016140537181248266,6
3,2823.821007490158,0.016314251348376274,0.01487184758298099,0.01686866022646427,0.0160332463371257,6
3,2821.8908495903015,0.01618423406034708,0.01477238442748785,0.01677011977881193,0.015939737514903147,6
3,2819.960691690445,0.0160743510350585,0.014687717659398913,0.01668323390185833,0.01585940131917596,6
3,2818.0305337905884,0.015982652083039284,0.014616408385336399,0.016607864294201136,0.015791341351966064,6
3,2816.100375890732,0.015906892716884613,0.014556620037183166,0.01654314249753952,0.015734306536614895,6
3,2814.1702179908752,0.015844467561692,0.014506303472444415,0.016487628687173128,0.01568665774539113,6
3,2812.2400600910187,0.015792480669915676,0.01446333876810968,0.016439614351838827,0.015646446496248245,6
3,2810.309902191162,0.015747766010463238,0.014425371773540974,0.01639707386493683,0.015611427836120129,6
3,2808.3797442913055,0.01570689817890525,0.014389878138899803,0.016357654705643654,0.015579154714941978,6
3,2806.449586391449,0.015666537452489138,0.014354498824104667,0.01631906908005476,0.015547299136718115,6
3,2804.5194284915924,0.015624231193214655,0.014317477121949196,0.01627963874489069,0.015514200863738855,6
3,2802.589270591736,0.0155792529694736,0.014278347371146083,0.016238735523074865,0.015479466877877712,6
3,2800.6591126918793,0.015532520599663258,0.014238273026421666,0.01619676547124982,0.015443989230940739,6
3,1798.9071626663208,0.008453530725091696,0.008112025680020452,0.008785124868154526,0.009114441927522421,6
3,1796.9770047664642,0.00813315762206912,0.007831086404621601,0.008456766838207841,0.00880214610757927,6
3,1795.0468468666077,0.0078140252735465765,0.00755422527436167,0.008135876152664423,0.008495745249092579,6
3,1793.116688966751,0.007545981090515852,0.007283056853339076,0.00785052462015301,0.008221571488926807,6
3,1791.1865310668945,0.00735037075355649,0.007057420909404755,0.0076350923627614975,0.008011371983836094,6
3,1789.256373167038,0.007221479434520006,0.006890067015774548,0.007493444951251149,0.007868582538018623,6
3,1787.3262152671814,0.007135252468287945,0.006759743089787662,0.007399005931802094,0.007768981469174226,6
3,1785.3960573673248,0.0070694617461413145,0.006647438043728471,0.007327294093556702,0.007690479901308815,6
3,1783.4658994674683,0.007011595647782087,0.006543287076056004,0.007264838204719126,0.0076209018006920815,6
3,1781.5357415676117,0.006949457805603743,0.006437696050852537,0.007198217790573835,0.007548127400999268,6
3,1779.6055836677551,0.006874601123854518,0.006324779475107789,0.007117983186617494,0.007463866767163078,6
3,1777.6754257678986,0.00679011270403862,0.006209171959199011,0.007027866900898516,0.0073716407641768456,6
3,1775.745267868042,0.00670117256231606,0.006097014877013862,0.006933859316632152,0.007276825529212753,6
3,1773.8151099681854,0.006615415681153536,0.005996439605951309,0.006844009505584836,0.00718701242779692,6
3,1771.8849520683289,0.006546496646478772,0.005920190364122391,0.00677276577334851,0.007115722090626757,6
3,1769.9547941684723,0.006494785891845822,0.005866975872777402,0.0067202209029346704,0.007062767166644335,6
3,1768.0246362686157,0.006427813554182649,0.005803980864584446,0.006650298368185759,0.006994410650804639,6
3,1766.0944783687592,0.006298267049714923,0.00568506121635437,0.006510239909403026,0.006861820118501782,6
3,1764.1643204689026,0.00607594009488821,0.005481311236508191,0.006266121519729495,0.0066338637843728065,6
3,1762.234162569046,0.005772858392447233,0.005204197368584573,0.005931299994699657,0.006322980315114061,6
3,1760.3040046691895,0.00543010956607759,0.004867084906436503,0.0055766175501048565,0.0059713687126835184,6
3,1758.3738467693329,0.005077297333627939,0.004522077273577452,0.005210006958805025,0.0056092822924256325,6
3,1756.4436888694763,0.004695988027378917,0.004175184876658022,0.004863633657805622,0.005243477178737521,6
3,1754.5135309696198,0.004286376992240548,0.0038203782751224935,0.004526317352429032,0.004868323060994347,6
3,1752.5833730697632,0.003867544000968337,0.0034577061305753887,0.004178856965154409,0.0044837895936022205,6
3,1750.6532151699066,0.0034666561987251043,0.0031129459966905415,0.0038443117518909276,0.00411527087756743,6
3,1748.72305727005,0.0031339512206614017,0.0028326697065494955,0.0035650352365337312,0.0038093068093682327,6
3,1746.7928993701935,0.0029025209369137883,0.0026468948926776648,0.0033685907255858183,0.0035962490752960243,6
3,1744.862741470337,0.0027722727973014116,0.0025551797007210553,0.0032545289723202586,0.0034757839360584817,6
3,1742.9325835704803,0.0027352264150977135,0.0025502315256744623,0.0032160321134142578,0.0034405295349036655,6
3,1741.0024256706238,0.0027879986446350813,0.002628660062327981,0.003249979461543262,0.0034873823557669916,6
3,1739.0722677707672,0.0029219373827800155,0.0027811280451714993,0.0033482416765764356,0.003607954286659757,6
3,1737.1421098709106,0.0031147075351327658,0.0029857961926609278,0.0034916098811663687,0.0037811562651768327,6
3,1735.211951971054,0.0033439709804952145,0.0032217915868386626,0.003661937138531357,0.003986363337996106,6
3,1733.2817940711975,0.0036027308087795973,0.0034819948486983776,0.003854286449495703,0.004217135564734538,6
3,1731.351636171341,0.0038834179285913706,0.0037579756462946534,0.00406325317453593,0.004466234085460504,6
3,1729.4214782714844,0.00416393275372684,0.004028807510621846,0.004271432640962303,0.00471339700743556,6
3,1727.4913203716278,0.004418900003656745,0.00427049514837563,0.004457445349544287,0.004935029855308433,6
3,1725.5611624717712,0.004587811417877674,0.0044411830604076385,0.004615906393155456,0.005095196266969045,6
3,1723.6310045719147,0.004637517500668764,0.004488824517466128,0.004690354340709746,0.005146618777265151,6
3,1721.700846672058,0.004544227849692106,0.004396537900902331,0.004609415074810386,0.0050516820047050714,6
3,1719.7706887722015,0.0043056311551481485,0.004163445089943707,0.004370462032966316,0.0048085957144697504,6
3,1717.840530872345,0.003966464661061764,0.0038337938021868467,0.004023212939500809,0.004463847920609017,6
3,1715.9103729724884,0.00360166491009295,0.003479661769233644,0.003650585887953639,0.004094368157287438,6
3,1713.9802150726318,0.0032533834455534816,0.0031397073762491345,0.0032989387400448322,0.0037424664478749037,6
3,1712.0500571727753,0.002898535458371043,0.0027900018612854183,0.0029425439424812794,0.0033832930882150927,6
3,1710.1198992729187,0.002499846275895834,0.0023949065944179893,0.0025398277794010937,0.0029780581050241985,6
3,1708.1897413730621,0.002052009222097695,0.0019509394187480211,0.002084338164422661,0.002521402610000223,6
3,1706.2595834732056,0.0015905979671515524,0.001493888586992398,0.001614795153727755,0.0020499443441318967,6
3,1704.329425573349,0.0011673635453917086,0.0010741956939455122,0.001187758578453213,0.0016164011127936344,6
3,1702.3992676734924,8.174199610948563e-4,7.39546972909011e-4,8.411927847191691e-4,0.0012562177532042067,6
3,1700.4691097736359,5.634684930555522e-4,5.192747776163742e-4,5.999811110086739e-4,9.876992310940598e-4,6
3,1698.5389518737793,4.845390358241275e-4,3.842463847831823e-4,5.04277842992451e-4,8.538516703993082e-4,6
3,1696.6087939739227,6.037625716999173e-4,4.5589149522129446e-4,6.246397388167679e-4,9.112036980999013e-4,6
3,1694.6786360740662,9.239359351340681e-4,7.318294083233923e-4,9.548845700919628e-4,0.0011630068765953183,6
3,1692.7484781742096,0.0014124251320026815,0.0011647310748230666,0.0014486178406514227,0.0015709747773750375,6
3,1690.818320274353,0.0020298180170357227,0.0017236174317076802,0.0020786489476449788,0.002103625137048463,6
3,1688.8881623744965,0.002759116585366428,0.0023906020796857774,0.002823689836077392,0.002742669661529362,6
3,1686.95800447464,0.0035814689472317696,0.0031478027813136578,0.0036649189423769712,0.0034701028295482197,6
3,1685.0278465747833,0.004473021486774087,0.003973043640144169,0.004577801679261029,0.004263470919492344,6
3,1683.0976886749268,0.005417408188804984,0.004848562064580619,0.005548015935346484,0.005107708546953897,6
3,1681.1675307750702,0.006401480874046683,0.005760134779848158,0.0065412374678999186,0.00599008232044677,6
3,1679.2373728752136,0.007314067799597979,0.006658676429651678,0.00741040613502264,0.006878254081433018,6
3,1677.307214975357,0.008111956994980574,0.007476029451936483,0.00837495131418109,0.007733491016551852,6
3,1675.3770570755005,0.008849778678268194,0.008238503942266107,0.009278655517846346,0.008530725724995136,6
3,1673.446899175644,0.009524906054139137,0.00894030462950468,0.010117478668689728,0.00926593093511959,6
3,1671.5167412757874,0.010226350277662277,0.009513681288808584,0.010901960078626871,0.0099497449118644,6
3,1669.5865833759308,0.010934018064290285,0.009988056961447,0.011636433890089393,0.010587024968117476,6
3,1667.6564254760742,0.011572334449738264,0.010387373389676213,0.012294471263885498,0.011152511773010096,6
3,1665.7262675762177,0.012094215024262667,0.010661938926205039,0.012825602665543556,0.011597962429126104,6
3,1663.796109676361,0.012458117213100195,0.010789631865918636,0.01322063896805048,0.0118991502871116,6
3,1661.8659517765045,0.012681020423769951,0.010794621426612139,0.013499893946573138,0.01207587169483304,6
3,1659.935793876648,0.012812178581953049,0.010716427117586136,0.013687603874132037,0.012165258328119913,6
3,1658.0056359767914,0.012871380429714918,0.010576125234365463,0.01380239357240498,0.012186974287033081,6
3,1656.0754780769348,0.012873980682343245,0.010393361561000347,0.013857079902663827,0.012156363110989332,6
3,1654.1453201770782,0.012865122873336077,0.010219815652817488,0.013893547002226114,0.012118203565478325,6
3,1652.2151622772217,0.012922018300741911,0.010135563090443611,0.013987916754558682,0.012148833678414425,6
3,1650.285004377365,0.013085601851344109,0.010177263524383307,0.014183069113641977,0.012288658724476894,6
3,1648.3548464775085,0.013333122711628675,0.010320742847397923,0.01445647794753313,0.012515488856782516,6
3,1646.424688577652,0.013647306710481644,0.01055182982236147,0.014789587818086147,0.012812772144873938,6
3,1644.4945306777954,0.014020130969583988,0.010863535106182098,0.015174911823123693,0.013173024480541548,6
3,1642.5643727779388,0.014421127270907164,0.011225191177800298,0.01558338524773717,0.01356665107111136,6
3,1640.6342148780823,0.014819320291280746,0.011608629720285535,0.015983631368726492,0.01396365292991201,6
3,1638.7040569782257,0.015208966564387083,0.012012446066364646,0.01636816980317235,0.014358717482537031,6
3,1636.7738990783691,0.015605931635946035,0.012455225456506014,0.016751551069319248,0.014767576940357685,6
3,1634.8437411785126,0.01602240838110447,0.012947752373293042,0.017146990168839693,0.015202279513080915,6
3,1632.913583278656,0.01643613027408719,0.013463112059980631,0.01753564365208149,0.015640996706982453,6
3,1630.9834253787994,0.01676645316183567,0.013955230126157403,0.01791280461475253,0.016040736343711615,6
3,1629.0532674789429,0.01699845213443041,0.014399134088307619,0.018242247402668,0.01637632492929697,6
3,1627.1231095790863,0.017157810740172863,0.014795263763517141,0.018499032594263554,0.016648095411558945,6
3,1625.1929516792297,0.01725715771317482,0.01515357126481831,0.01869482221081853,0.016867417221268017,6
3,1623.2627937793732,0.01731144730001688,0.01548504806123674,0.018843492958694696,0.017047386150807142,6
3,1621.3326358795166,0.017336047254502773,0.01580027723684907,0.0189599571749568,0.01720135472714901,6
3,1619.40247797966,0.01733916811645031,0.016103061381727457,0.019051809795200825,0.01733566386004289,6
3,1617.4723200798035,0.017438257113099098,0.01629528123885393,0.019129248801618814,0.0174597199074924,6
3,1615.542162179947,0.01764637790620327,0.016407239250838757,0.019216231536120176,0.017595446047683556,6
3,1613.6120042800903,0.017879756167531013,0.01654468011111021,0.019327638670802116,0.017755234769235056,6
3,1611.6818463802338,0.01812765561044216,0.016698268242180347,0.019455031026154757,0.01793002507959803,6
3,1609.7516884803772,0.01838469412177801,0.016863998491317034,0.019593886099755764,0.018115276005119085,6
3,1607.8215305805206,0.018655510619282722,0.01703767804428935,0.019760638941079378,0.01831661785642306,6
3,1605.891372680664,0.01893437374383211,0.01714869635179639,0.020018682815134525,0.018529928289353848,6
3,1603.9612147808075,0.019213027320802212,0.017274907790124416,0.02027709037065506,0.018747990019619465,6
3,1602.031056880951,0.019497675821185112,0.017422496806830168,0.02054280135780573,0.018976871855556965,6
3,1600.1008989810944,0.019782337360084057,0.0175849674269557,0.020810007117688656,0.01921062854429086,6
3,1598.1707410812378,0.020029240287840366,0.01772579550743103,0.021039434242993593,0.01941225801904996,6
3,1596.2405831813812,0.020191332325339317,0.01779935834929347,0.021181547548621893,0.01953521091490984,6
3,1594.3104252815247,0.020242366939783096,0.01777912676334381,0.02120589604601264,0.019552980239192646,6
3,1592.380267381668,0.020168292336165905,0.0176499979570508,0.021092575043439865,0.01945114911844333,6
3,1590.4501094818115,0.01993093267083168,0.0173959587700665,0.020844219252467155,0.019210959784686565,6
3,1588.519951581955,0.019517041742801666,0.01704868022352457,0.020404319278895855,0.018810003995895386,6
3,1586.5897936820984,0.018941892310976982,0.016552157700061798,0.01979103172197938,0.018244127742946148,6
3,1584.6596357822418,0.018235016614198685,0.015934297582134604,0.019036234822124243,0.017544135140875976,6
3,1582.7294778823853,0.017431200481951237,0.015225922223180532,0.01817674795165658,0.01674415621285637,6
3,1580.7993199825287,0.016550811007618904,0.014444434083998203,0.01723376614972949,0.015863568677256506,6
3,1578.8691620826721,0.015611833427101374,0.01360568217933178,0.01622612914070487,0.01492026774212718,6
3,1576.9390041828156,0.014643099624663591,0.012735102092847228,0.015184237156063318,0.01394294404114286,6
3,1575.008846282959,0.013672195374965668,0.011856398079544306,0.014137142803519964,0.012958213997383913,6
3,1573.0786883831024,0.0126835978589952,0.010968836257234216,0.01306226453743875,0.011965045084555944,6
3,1571.1485304832458,0.011644534766674042,0.010062196757644415,0.01197912241332233,0.010951587775101265,6
3,1569.2183725833893,0.010588989593088627,0.00914470013231039,0.010867632227018476,0.00992664679264029,6
3,1567.2882146835327,0.009538091253489256,0.008228051592595875,0.009769897907972336,0.008911679886902371,6
3,1565.3580567836761,0.008509591221809387,0.007277075084857643,0.008756471332162619,0.007924380091329416,6
3,1563.4278988838196,0.007510223425924778,0.006367708905600011,0.007801423314958811,0.006983668465788166,6
3,1561.497740983963,0.006520288763567805,0.005525534274056554,0.006975621683523059,0.0061162955438097315,6
3,1559.5675830841064,0.005648669088259339,0.004787188954651356,0.006193484412506223,0.005361487856134772,6
3,1557.6374251842499,0.0049559916369616985,0.004202595795504749,0.005588335683569312,0.004774366893495123,6
3,1555.7072672843933,0.004447160521522164,0.0037755752564407885,0.005168919335119426,0.0043601122839997215,6
3,1553.7771093845367,0.004051741329021752,0.003446812799666077,0.0048636202700436115,0.004052478936500847,6
3,1551.8469514846802,0.003777040634304285,0.003137648105621338,0.004628793220035732,0.003813429153524339,6
3,1549.9167935848236,0.00357611698564142,0.0028545703971758485,0.004440224729478359,0.003620702812137703,6
3,1547.986635684967,0.00338268605992198,0.002590082585811615,0.004256514017470181,0.003435381455346942,6
3,1546.0564777851105,0.003157736617140472,0.002332182484678924,0.004033117322251201,0.003217851355051001,6
3,1544.126319885254,0.0028927215607836843,0.00215431785909459,0.003758133272640407,0.0029595221082369485,6
3,1542.1961619853973,0.0026323391357436776,0.0019832745019812137,0.0034788884804584086,0.002706711161105583,6
3,1540.2660040855408,0.0024477029219269753,0.001886954705696553,0.0032740734750404954,0.002532153836606691,6
3,1538.3358461856842,0.0023539504618383944,0.0018749524024315178,0.0031632884056307375,0.0024502173182554543,6
3,1536.4056882858276,0.0022847860236652195,0.0018803986895363778,0.0030753053724765778,0.002391930863571664,6
3,1534.475530385971,0.0022210816969163716,0.0018301437085028738,0.002957506279926747,0.0023081810601676502,6
3,1532.5453724861145,0.002131711458787322,0.0017449647712055594,0.0028025913052260876,0.002193157832759122,6
3,1530.615214586258,0.002005436457693577,0.001629204343771562,0.0026075918576680124,0.0020434248144738376,6
3,1528.6850566864014,0.0018201200873591006,0.0014634433900937438,0.002348933834582567,0.0018368151019482564,6
3,1526.7548987865448,0.0015592831769026816,0.0012333319173194468,0.0020064839045517147,0.0015559675812255591,6
3,1524.8247408866882,0.001241962134372443,9.558124875184149e-4,0.0015971357061062008,0.0012183736883647118,6
3,1522.8945829868317,9.175259328912944e-4,6.740938988514245e-4,0.0011708497913787141,8.714484890030386e-4,6
3,1520.964425086975,6.411569193005562e-4,4.172881963313557e-4,8.029367600101978e-4,5.682014254944079e-4,6
3,1519.0342671871185,4.439251351868734e-4,2.2899901887285523e-4,5.665287462761626e-4,3.5765870052273385e-4,6
3,1517.104109287262,2.991761575685814e-4,1.6173335097846575e-4,3.9477476821048185e-4,2.790808624316317e-4,6
3,1515.1739513874054,3.0578098085243255e-4,2.2813200848759152e-4,3.4602233790792525e-4,3.4600247454363853e-4,6
3,1513.2437934875488,4.2754990863613784e-4,4.0678217919776216e-4,4.521689043031074e-4,5.430869350675493e-4,6
3,1511.3136355876923,7.014708535280079e-4,0.00067783887789119035,7.909410633146763e-4,8.42454358159254e-4,6
3,1509.3834776878357,0.0010495887254364789,9.857480617938563e-4,0.001245933526661247,0.0012165622514051695,6
3,1507.4533197879791,0.0014707447844557464,0.0013697277463506907,0.0017820511129684746,0.0016698789938042562,6
3,1505.5231618881226,0.001994356163777411,0.001862075092503801,0.0024313610629178584,0.0022327832606000206,6
3,1503.593003988266,0.0025893589481711388,0.002432169218081981,0.0031583067029714584,0.002872970847723385,6
3,1501.6628460884094,0.0032175322994589806,0.003039348521269858,0.0039218582678586245,0.0035515521885827184,6
3,1499.7326881885529,0.003877374343574047,0.0036807183059863746,0.004721797653473914,0.004267184839894374,6
3,1497.8025302886963,0.004584249574691057,0.004371935967355967,0.005570870474912226,0.005034505932902296,6
3,1495.8723723888397,0.005373022286221385,0.0050953266909345984,0.006474736495874822,0.005860646798585852,6
3,1493.9422144889832,0.006193203618749976,0.005836079362779856,0.0073934359243139625,0.006710515823215246,6
3,1492.0120565891266,0.006969704758375883,0.006532175582833588,0.008250455488450825,0.007513724655533831,6
3,1490.08189868927,0.007652681088075042,0.007141654030419886,0.008996482007205486,0.008223834602783123,6
3,1488.1517407894135,0.008248395286500454,0.007670738152228296,0.009637386770918965,0.008846324558059374,6
3,1486.2215828895569,0.008744727820158005,0.008108798647299409,0.01016228273510933,0.00936976222631832,6
3,1484.2914249897003,0.009095686953514814,0.008416372584179044,0.010526299942284822,0.00975143521403273,6
3,1482.3612670898438,0.00927492929622531,0.008571808459237218,0.01070683915168047,0.009968951577320695,6
3,1480.4311091899872,0.009305487386882305,0.008595723891630769,0.010729334549978375,0.010045352159067988,6
3,1478.5009512901306,0.009233747143298388,0.008528415579348803,0.010640157852321863,0.01002420966203014,6
3,1476.570793390274,0.009108507074415684,0.0084124356508255,0.010487894294783473,0.009951481906076273,6
3,1474.6406354904175,0.008983862586319447,0.008295015431940556,0.01032653939910233,0.009878097645317515,6
3,1472.710477590561,0.008909960277378559,0.008219805546104908,0.01020554336719215,0.009850250789895654,6
3,1470.7803196907043,0.008897459134459496,0.008196067996323109,0.010135741904377937,0.009876314550638199,6
3,1468.8501617908478,0.008910538163036108,0.008193058427423239,0.010084413224831223,0.009922475554049015,6
3,1466.9200038909912,0.008920286782085896,0.008186721941456199,0.010028129443526268,0.009963963025559982,6
3,1464.9898459911346,0.008945041336119175,0.008193706860765815,0.009990134974941611,0.01002073947650691,6
3,1463.059688091278,0.009038813877850771,0.008260155329480767,0.01002538064494729,0.01014355073372523,6
3,1461.1295301914215,0.009239273145794868,0.008417482255026698,0.010169626446440816,0.010365921848764023,6
3,1459.199372291565,0.009544475935399532,0.008663735119625926,0.010420476086437702,0.01068549727400144,6
3,1457.2692143917084,0.00994262844324112,0.008989284047856927,0.010768552543595433,0.011092359200119972,6
3,1455.3390564918518,0.010449619498103857,0.009407413890585303,0.011231049429625273,0.011600922793149948,6
3,1453.4088985919952,0.011044924147427082,0.009898930322378874,0.011786475777626038,0.012189543029914299,6
3,1451.4787406921387,0.011670604348182678,0.010413724463433027,0.012377664912492037,0.012803778673211733,6
3,1449.548582792282,0.012278843205422163,0.010911254677921534,0.012957882136106491,0.013399775916089615,6
3,1447.6184248924255,0.01283787377178669,0.011390289990231395,0.0134955532848835,0.013948381257553896,6
3,1445.688266992569,0.013317884411662817,0.011834482895210385,0.013983138836920261,0.014432690416773161,6
3,1443.7581090927124,0.013713456690311432,0.012203394901007414,0.01439989311620593,0.014841226239999136,6
3,1441.8279511928558,0.014017010107636452,0.012484221020713449,0.014722633175551891,0.015160612606753906,6
3,1439.8977932929993,0.014211983419954777,0.012662678258493543,0.014934776350855827,0.01537661145751675,6
3,1437.9676353931427,0.014299551490694284,0.012740746606141329,0.015037646517157555,0.015491791535168886,6
3,1436.0374774932861,0.01430822117254138,0.012746457010507584,0.01505997497588396,0.015533862945934137,6
3,1434.1073195934296,0.014268931467086077,0.012710526352748275,0.015032581984996796,0.015531952803333601,6
3,1432.177161693573,0.014197757001966238,0.012648988282307982,0.014970596879720688,0.015501153189688921,6
3,1430.2470037937164,0.014107164461165667,0.012573756743222475,0.014885182492434978,0.015453279949724674,6
3,1428.3168458938599,0.014005638659000397,0.012493066256865859,0.014783894177526236,0.015395996471246084,6
3,1426.3866879940033,0.013884483370929956,0.012398864608258009,0.014657567022368312,0.01532050563643376,6
3,1424.4565300941467,0.013720225542783737,0.012268390506505966,0.014482427621260285,0.015204372660567364,6
3,1422.5263721942902,0.01350336940959096,0.012091228505596519,0.014248758554458618,0.01503899289915959,6
3,1420.5962142944336,0.013264266774058342,0.01189437578432262,0.013987066457048059,0.014853559279193481,6
3,1418.666056394577,0.013059534598141909,0.011730328435078263,0.013754880288615823,0.014701205616195997,6
3,1416.7358984947205,0.012931184843182564,0.011639355914667249,0.013596870237961411,0.014620700695862373,6
3,1414.805740594864,0.012871481012552977,0.01162026240490377,0.01351987523958087,0.014609691686928272,6
3,1412.8755826950073,0.012868020217865705,0.011651738081127405,0.013494171667844057,0.014647212500373522,6
3,1410.9454247951508,0.012901253066956997,0.011714821215718985,0.013501775218173862,0.014714241648713747,6
3,1409.0152668952942,0.012945432215929031,0.01178473886102438,0.013517603510990739,0.01478529597322146,6
3,1407.0851089954376,0.012969018891453743,0.011831320589408278,0.013511627214029431,0.014830763451755047,6
3,1405.154951095581,0.012967005372047424,0.01184932398609817,0.013480684021487832,0.014846851273129383,6
3,1403.2247931957245,0.012954072561115026,0.011851978255435824,0.013439652742817998,0.014847034588456154,6
3,1401.294635295868,0.012939199805259705,0.011847456218674779,0.013397248461842537,0.014839207908759514,6
3,1399.3644773960114,0.012920043896883726,0.011841731611639261,0.013368581188842654,0.014829551801085472,6
3,1397.4343194961548,0.012915367726236582,0.011850475799292326,0.013367907842621207,0.014834065455943346,6
3,1395.5041615962982,0.012951134704053402,0.011896216310560703,0.013416449772194028,0.014875122345983982,6
3,1393.5740036964417,0.013038828503340483,0.011990241007879376,0.013526156777516007,0.014963370437423388,6
3,1391.643845796585,0.013167859986424446,0.012122726999223232,0.013686527730897069,0.015088339801877737,6
3,1389.7136878967285,0.013316123280674219,0.012272436171770096,0.013874586904421449,0.015228744751463333,6
3,1387.783529996872,0.01346491789445281,0.0124207753688097,0.014069734141230583,0.015366639941930771,6
3,1385.8533720970154,0.013608128763735294,0.012560938484966755,0.014263452496379614,0.015496054198592901,6
3,1383.9232141971588,0.013748081866651773,0.012694739736616611,0.014455902390182018,0.015618988157560429,6
3,1381.9930562973022,0.013882323633879423,0.012819795636460185,0.014642836293205619,0.015733070050676663,6
3,1380.0628983974457,0.01400581281632185,0.012930933386087418,0.014817524934187531,0.015833701162288587,6
3,1378.132740497589,0.014120936393737793,0.013029785361140966,0.014980647712945938,0.015923330715547006,6
3,1376.2025825977325,0.014239634852856398,0.013127288315445185,0.01514259516261518,0.01601333962753415,6
3,1374.272424697876,0.014377166517078876,0.013238086830824614,0.015317501500248909,0.01611806017657121,6
3,1372.3422667980194,0.01453695259988308,0.013366245664656162,0.015508213546127081,0.016240281518548727,6
3,1370.4121088981628,0.014696002006530762,0.013490910409018397,0.01569152856245637,0.016357864408443373,6
3,1368.4819509983063,0.014818842057138681,0.013578882208094,0.015831883531063795,0.016437564821292956,6
3,1366.5517930984497,0.014888533856719732,0.01361435279250145,0.015912549337372184,0.016464121794948976,6
3,1364.6216351985931,0.01491522928699851,0.013607474276795983,0.01594426017254591,0.016447879529247682,6
3,1362.6914772987366,0.01492622820660472,0.013584899483248591,0.01595512079074979,0.01641534020503362,6
3,1360.76131939888,0.014947695191949606,0.013572653522714972,0.01597242010757327,0.01639183284714818,6
3,1358.8311614990234,0.014986164402216673,0.013578523881733418,0.016004071570932865,0.016384131275117397,6
3,1356.9010035991669,0.015032679308205843,0.013595397816970944,0.016042474657297134,0.016384615562856197,6
3,1354.9708456993103,0.01508019445464015,0.013617564924061298,0.016081965994089842,0.01638764360298713,6
3,1353.0406877994537,0.01513023255392909,0.013647224055603147,0.016125631518661976,0.016395437841614086,6
3,1351.1105298995972,0.015185215510427952,0.013687239028513432,0.016177527140825987,0.016410610483338434,6
3,1349.1803719997406,0.015239587519317865,0.0137324882671237,0.016233487986028194,0.016427939136823017,6
3,1347.250214099884,0.015280652791261673,0.013770577032119036,0.016281691379845142,0.016435375747581322,6
3,1345.3200562000275,0.015298102516680956,0.013790906639769673,0.016312019899487495,0.016423173093547423,6
3,1343.389898300171,0.015294549521058798,0.013794717146083713,0.016326696146279573,0.016393821220844984,6
3,1341.4597404003143,0.015287901740521193,0.013797677354887128,0.016342916060239077,0.016364140746494133,6
3,1339.5295825004578,0.015302333980798721,0.013821804663166404,0.01638401811942458,0.016356717484692734,6
3,1337.5994246006012,0.015351306181401014,0.013879364589229226,0.016462596133351326,0.016383887113382418,6
3,1335.6692667007446,0.015428544487804174,0.01396385533735156,0.016571374144405127,0.01643921931584676,6
3,1333.739108800888,0.015519177541136742,0.014060449553653598,0.016694166231900454,0.01650813299541672,6
3,1331.8089509010315,0.015613470692187548,0.014159267069771886,0.016819657292217016,0.01658093836158514,6
3,1329.878793001175,0.01570848375558853,0.014257045928388834,0.01694338908419013,0.01665437625100215,6
3,1327.9486351013184,0.01580184232443571,0.01435111672617495,0.017061809077858925,0.01672568932796518,6
3,1326.0184772014618,0.015886190347373486,0.01443396438844502,0.017166653648018837,0.016787430737167597,6
3,1324.0883193016052,0.01595283579081297,0.014496661955490708,0.017248266376554966,0.01683101539189617,6
3,1322.1581614017487,0.01600127574056387,0.01453818497247994,0.017304958775639534,0.01685567929719885,6
3,1320.228003501892,0.016040919348597527,0.014567259699106216,0.017344806343317032,0.016870038428654272,6
3,1318.2978456020355,0.01608496904373169,0.01459652790799737,0.017379740718752146,0.016886362029860418,6
3,1316.367687702179,0.016140992753207684,0.014633666491135955,0.017416568472981453,0.01691171806305647,6
3,1314.4375298023224,0.01620330475270748,0.01467418228276074,0.017449735663831234,0.01694089329491059,6
3,1312.5073719024658,0.01625682506710291,0.014704766683280468,0.01746502425521612,0.016960132246216137,6
3,1310.5772140026093,0.01628915686160326,0.014714567456394434,0.017451387364417315,0.01695837810014685,6
3,1308.6470561027527,0.016294502653181553,0.014698974089697003,0.017404841259121895,0.016930721544971068,6
3,1306.7168982028961,0.016270908527076244,0.014656893676146865,0.017325437627732754,0.016875719962020714,6
3,1304.7867403030396,0.016219288110733032,0.01458969316445291,0.01721579022705555,0.016794477744648855,6
3,1302.856582403183,0.016143055632710457,0.014500940451398492,0.01708063343539834,0.01669039251282811,6
3,1300.9264245033264,0.016047163866460323,0.014395560370758176,0.016926149372011423,0.016568392359962065,6
3,1298.9962666034698,0.015938153490424156,0.014279816532507539,0.016760181169956923,0.01643505661437909,6
3,1297.0661087036133,0.015825084410607815,0.014162241946905851,0.01659304555505514,0.016299442388117313,6
3,1295.1359508037567,0.015717862639576197,0.014052301878109574,0.01643570326268673,0.01617134129628539,6
3,1293.2057929039001,0.015621335245668888,0.013954991940408945,0.016293787397444248,0.01605554282044371,6
3,1291.2756350040436,0.015530288685113192,0.013866025721654296,0.01616251515224576,0.015947161242365837,6
3,1289.345477104187,0.015433662105351686,0.013775530504062772,0.016030884347856045,0.01583589070166151,6
3,1287.4153192043304,0.015325455460697412,0.013678204733878374,0.01589269656687975,0.01571637950837612,6
3,1285.4851613044739,0.015207008458673954,0.013575413497164845,0.015749002806842327,0.01559009418512384,6
3,1283.5550034046173,0.01508130319416523,0.013469740748405457,0.015602493193000555,0.015459799207746983,6
3,1281.6248455047607,0.01495034946128726,0.013362609082832932,0.015454803593456745,0.015327228077997765,6
3,1279.6946876049042,0.014816307928413153,0.013255548430606723,0.015307391993701458,0.015194171263525883,6
3,1277.7645297050476,0.014682634267956018,0.013151495018973947,0.015162564115598798,0.015063490252941847,6
3,1275.834371805191,0.014554186724126339,0.01305493712425232,0.015023827785626054,0.014939275104552507,6
3,1273.9042139053345,0.014436681754887104,0.012971330201253295,0.014895823551341891,0.01482652717580398,6
3,1271.974056005478,0.01433523464947939,0.012905667768791318,0.014783212915062904,0.014729916273305813,6
3,1270.0438981056213,0.014252317603677511,0.01286046695895493,0.0146886738948524,0.014651809663822254,6
3,1268.1137402057648,0.0141872544772923,0.012835136381909251,0.014612056082114577,0.014591649019469818,6
3,1266.1835823059082,0.014137553051114082,0.01282715704292059,0.014551264233887196,0.014547051241000494,6
3,1264.2534244060516,0.014100309927016497,0.012833437183871865,0.014503569342195988,0.0145150744356215,6
3,1262.323266506195,0.01407380448654294,0.012851810548454523,0.014467303873971105,0.014493789679060379,6
3,1260.3931086063385,0.014058432076126337,0.012881912058219314,0.014442751882597804,0.014483239191273848,6
3,1258.462950706482,0.014054920990020037,0.012923606438562274,0.014430282171815634,0.014483789913356304,6
3,1256.5327928066254,0.014061958994716406,0.012974781217053533,0.014428067486733198,0.014493927359580994,6
3,1254.6026349067688,0.01407634699717164,0.013031419133767486,0.014432387193664908,0.014510461750129858,6
3,1252.6724770069122,0.014094390906393528,0.013075863244011998,0.014452149393036962,0.014529852041353783,6
3,1250.7423191070557,0.014112341683357954,0.013109570601955056,0.014477101154625416,0.014548515590528647,6
3,1248.812161207199,0.014126139227300882,0.013135597575455904,0.014494916889816523,0.014562493655830622,6
3,1246.8820033073425,0.014131706207990646,0.013150213519111276,0.014500254066661,0.014567797693113485,6
3,1244.951845407486,0.014125872403383255,0.013150718295946717,0.014488907996565104,0.014561397954821587,6
3,1243.0216875076294,0.014106478076428175,0.0131353042088449,0.014458184596151114,0.01454126617560784,6
3,1241.0915296077728,0.014071343000978231,0.013101976132020354,0.014405813533812761,0.014505221663663784,6
3,1239.1613717079163,0.014017920941114426,0.013048319378867745,0.014329417375847697,0.014450545733173689,6
3,1237.2312138080597,0.01393180899322033,0.012972601922228932,0.014240057906135917,0.014375094790011644,6
3,1235.3010559082031,0.013804648537188768,0.012874805834144354,0.014146386180073023,0.01427836436778307,6
3,1233.3708980083466,0.013660304248332977,0.012756748823449016,0.0140287596732378,0.014161610044538975,6
3,1231.44074010849,0.013502742163836956,0.012621712405234575,0.013890658970922232,0.014027544452498356,6
3,1229.5105822086334,0.013336940668523312,0.012473860057070851,0.013736671768128872,0.013879914457599321,6
3,1227.5804243087769,0.013168287463486195,0.012317582964897156,0.013571781106293201,0.013722963475932678,6
3,1225.6502664089203,0.013001700397580862,0.012156833661720157,0.01340065966360271,0.0135607048869133,6
3,1223.7201085090637,0.012840510811656713,0.011994227999821305,0.013226679526269436,0.013395916360119978,6
3,1221.7899506092072,0.01268616272136569,0.01183068915270269,0.013051428366452456,0.01322979542116324,6
3,1219.8597927093506,0.012539371382445097,0.011666591512039304,0.01287569827400148,0.013063027057796717,6
3,1217.929634809494,0.012401117943227291,0.01150292600505054,0.012700598919764161,0.012896784115582705,6
3,1215.9994769096375,0.012272138614207506,0.011340882163494825,0.012527324026450515,0.012732353682319323,6
3,1214.0693190097809,0.012151924893260002,0.011180801782757044,0.012356300838291645,0.012570259006073078,6
3,1212.1391611099243,0.01203818991780281,0.011013349052518606,0.012194929644465446,0.012409732987483343,6
3,1210.2090032100677,0.011926967184990644,0.010843637166544795,0.012033499544486403,0.012248749999950329,6
3,1208.2788453102112,0.011813022196292877,0.010698260506615043,0.011868616566061974,0.012084772189458212,6
3,1206.3486874103546,0.011644273530691862,0.010574882151558995,0.011745756957679987,0.011915759183466434,6
3,1204.418529510498,0.01146600442007184,0.010447013191878796,0.011615942465141416,0.011740900576114655,6
3,1202.4883716106415,0.011278585996478796,0.01030380418524146,0.011490174569189548,0.011561036265144745,6
3,1200.558213710785,0.011085199192166328,0.010158985387533903,0.011358612915500998,0.011378987537076076,6
3,1198.6280558109283,0.01089185569435358,0.010017124004662037,0.011224428424611688,0.011199621949344873,6
3,1196.6978979110718,0.010706569068133831,0.009882935788482428,0.011093219509348273,0.011029224998007217,6
3,1194.7677400112152,0.010538098867982626,0.009761108318343759,0.010971390176564455,0.010874532784024874,6
3,1192.8375821113586,0.010395250283181667,0.009656010195612907,0.01086558005772531,0.01074221342181166,6
3,1190.907424211502,0.010286623146384954,0.00957178184762597,0.010782411089166999,0.010638743949433168,6
3,1188.9772663116455,0.010220354422926903,0.009512329008430243,0.010728298919275403,0.010570280409107605,6
3,1187.047108411789,0.010203692130744457,0.009481208398938179,0.01070913695730269,0.010542330176879963,6
3,1185.1169505119324,0.010242083109915257,0.009481086628511548,0.01072947052307427,0.01055896794423461,6
3,1183.1867926120758,0.010338139720261097,0.009512865915894508,0.010791624430567026,0.010621992405503988,6
3,1181.2566347122192,0.010491326451301575,0.009575421223416924,0.01089558214880526,0.010730772589643797,6
3,1179.3264768123627,0.010698264464735985,0.009666050551459193,0.01103928778320551,0.010882530827075243,6
3,1177.396318912506,0.010888132266700268,0.0097807792481035,0.011283628409728408,0.011072446747372547,6
3,1175.4661610126495,0.011086688376963139,0.009921069256961346,0.011588653549551964,0.011293798374632994,6
3,1173.536003112793,0.011306282132863998,0.010235907509922981,0.011923518497496843,0.011538075438390175,6
3,1171.6058452129364,0.011536721140146255,0.010570669546723366,0.012274981942027807,0.011794705409556627,6
3,1169.6756873130798,0.01176591869443655,0.010911403922364116,0.01262702513486147,0.01205109478905797,6
3,1167.7455294132233,0.011980896815657616,0.011242697015404701,0.012962075415998697,0.012293627796073755,6
3,1165.8153715133667,0.012169062159955502,0.011549143586307764,0.013262714026495814,0.01250901073217392,6
3,1163.8852136135101,0.012319165747612715,0.011816572863608599,0.013513317331671715,0.012685361163069805,6
3,1161.9550557136536,0.012422262690961361,0.012033149134367704,0.013701636344194412,0.012813257053494453,6
3,1160.024897813797,0.012472852598875761,0.012190530775114894,0.013820087537169456,0.012886771777023872,6
3,1158.0947399139404,0.012469496577978134,0.012284635799005628,0.013866223394870758,0.012903984170407057,6
3,1156.1645820140839,0.012414613272994757,0.012315786210820079,0.01384247769601643,0.012866891144464413,6
3,1154.2344241142273,0.01231406768783927,0.012288523139432073,0.01375567470677197,0.012781125338127216,6
3,1152.3042662143707,0.012217245530337095,0.01216340740211308,0.013623449951410294,0.012655433112134537,6
3,1150.3741083145142,0.012094772420823574,0.01199252950027585,0.013458291999995708,0.012500755799313387,6
3,1148.4439504146576,0.011950351763516665,0.011807127157226205,0.013265436980873346,0.012329351001729568,6
3,1146.513792514801,0.011796418577432632,0.011620508506894112,0.013062521582469344,0.012154330499470234,6
3,1144.5836346149445,0.011645926628261805,0.011446191929280758,0.012867818353697658,0.011989194123695293,6
3,1142.653476715088,0.011511627119034529,0.011297266464680433,0.01269916445016861,0.011847051481405893,6
3,1140.7233188152313,0.01140544144436717,0.011185763170942664,0.012573008891195059,0.011739882330099741,6
3,1138.7931609153748,0.011337990872561932,0.011122176889330149,0.012503688223659992,0.011678059430172047,6
3,1136.8630030155182,0.011318134609609842,0.011114932131022215,0.012502774130553007,0.011669939383864403,6
3,1134.9328451156616,0.011352306697517633,0.011169675271958113,0.012578197987750173,0.011721227007607618,6
3,1133.002687215805,0.011471061501652002,0.011261158622801304,0.012733339564874768,0.011834182931731144,6
3,1131.0725293159485,0.011669970117509365,0.01139173493720591,0.012966883135959506,0.012007377110421658,6
3,1129.142371416092,0.011929810978472233,0.011571925599128008,0.013273278949782252,0.012236139581849178,6
3,1127.2122135162354,0.012242470867931843,0.011795219732448459,0.013642963021993637,0.01251287649696072,6
3,1125.2820556163788,0.01259675482288003,0.012052753707394004,0.014062676578760147,0.012827281995366016,6
3,1123.3518977165222,0.012979427352547646,0.012334042927250266,0.014516636496409774,0.013167252919326225,6
3,1121.4217398166656,0.013376738876104355,0.012628113152459264,0.014988144626840949,0.013520222157239914,6
3,1119.491581916809,0.0137753845192492,0.012924390146508813,0.01546087977476418,0.01387404603883624,6
3,1117.5614240169525,0.014162757899612188,0.013213054975494742,0.015919590601697564,0.014217325951904058,6
3,1115.631266117096,0.014527087099850178,0.013484987197443843,0.0163503042422235,0.01453954167664051,6
3,1113.7011082172394,0.014858029317110777,0.01373184472322464,0.016740590566769242,0.014831368190546831,6
3,1111.7709503173828,0.01514765340834856,0.013946673600003123,0.01708032935857773,0.015085319522768259,6
3,1109.8407924175262,0.015390992630273104,0.014124488923698664,0.017362519865855575,0.015296330520262321,6
3,1107.9106345176697,0.015585717279464006,0.01426222245208919,0.017583363689482212,0.015461742412298918,6
3,1105.980476617813,0.015731407329440117,0.014358371729031205,0.0177417965605855,0.015580823800216118,6
3,1104.0503187179565,0.01582926046103239,0.01441299170255661,0.017839290667325258,0.01565451982120673,6
3,1102.1201608181,0.015882394276559353,0.014428065624088049,0.017880083993077278,0.015685716178268194,6
3,1100.1900029182434,0.015896091237664223,0.014407597482204437,0.0178711642511189,0.01567940879613161,6
3,1098.2598450183868,0.01587759330868721,0.014357235981151462,0.017821831163018942,0.01564236218109727,6
3,1096.3296871185303,0.015835970640182495,0.014284224947914481,0.017743421252816916,0.015582851910342773,6
3,1094.3995292186737,0.0157822472974658,0.014197786571457982,0.01764935627579689,0.015510849809894959,6
3,1092.4693713188171,0.0157289057970047,0.01410884503275156,0.01755471993237734,0.0154377695483466,6
3,1090.5392134189606,0.01568835834041238,0.014028702164068818,0.017474749591201544,0.015375175202886263,6
3,1088.609055519104,0.01567148696631193,0.01396770658902824,0.017423061653971672,0.015333347022533417,6
3,1086.6788976192474,0.015687230974435806,0.013934668153524399,0.017410930711776018,0.015320746693760157,6
3,1084.7487397193909,0.01574275502935052,0.01393671752884984,0.01744747906923294,0.01534415502101183,6
3,1082.8185818195343,0.01584312692284584,0.013978979783132672,0.01753945369273424,0.015408473554998636,6
3,1080.8884239196777,0.01599064003676176,0.014064114075154066,0.017690417356789112,0.015516070183366537,6
3,1078.9582660198212,0.01618474442511797,0.0141921101603657,0.017900356091558933,0.01566653372719884,6
3,1077.0281081199646,0.016422653570771217,0.014360575471073389,0.01816613832488656,0.015857170646389324,6
3,1075.097950220108,0.016700035892426968,0.01456555537879467,0.018482462503015995,0.016083803338309128,6
3,1073.1677923202515,0.0170114915817976,0.01480241701938212,0.01882362924516201,0.016341346471259992,6
3,1071.237634420395,0.017350641079246998,0.015065877698361874,0.019079712219536304,0.01662389716754357,6
3,1069.3074765205383,0.01771020796149969,0.015349530382081866,0.019348834175616503,0.01692470908164978,6
3,1067.3773186206818,0.018082614056766033,0.015646189684048295,0.019624265376478434,0.0172366042000552,6
3,1065.4471607208252,0.018460319377481937,0.0159486155025661,0.019899574108421803,0.0175523756382366,6
3,1063.5170028209686,0.018835170194506645,0.016249198466539383,0.02016831561923027,0.01786446214343111,6
3,1061.586844921112,0.019197831861674786,0.01653944654390216,0.020423519425094128,0.018164574168622494,6
3,1059.6566870212555,0.019538779743015766,0.016810961067676544,0.020658153109252453,0.01844446376586954,6
3,1057.726529121399,0.01985018327832222,0.017057223245501518,0.02086643408983946,0.018697425567855436,6
3,1055.7963712215424,0.02012696396559477,0.01727435737848282,0.02104481216520071,0.018919149103264015,6
3,1053.8662133216858,0.020366691052913666,0.01746060559526086,0.02119197743013501,0.019107559695839882,6
3,1051.9360554218292,0.020569348707795143,0.01761585520580411,0.021308483090251684,0.019262509265293676,6
3,1050.0058975219727,0.02073743101209402,0.0177419176325202,0.021396768279373646,0.019385922389725845,6
3,1048.075739622116,0.02087555266916752,0.01784253353253007,0.02146101975813508,0.019481682839492958,6
3,1046.1455817222595,0.020966924726963043,0.01792226592078805,0.021527947392314672,0.01955441540728013,6
3,1044.215423822403,0.020973335951566696,0.017985118553042412,0.02164372242987156,0.019607980580379564,6
3,1042.2852659225464,0.020963777787983418,0.0180340139195323,0.021744578145444393,0.019645030455042917,6
3,1040.3551080226898,0.020940390415489674,0.018070814665406942,0.02183127263560891,0.019667248086382944,6
3,1038.4249501228333,0.020904100500047207,0.01809613686054945,0.02190301613882184,0.019675249544282753,6
3,1036.4947922229767,0.020854057744145393,0.018109300173819065,0.021957290824502707,0.019668260123580694,6
3,1034.5646343231201,0.020787793211638927,0.018108941614627838,0.02199045056477189,0.019644401036202908,6
3,1032.6344764232635,0.020702200010418892,0.018093694932758808,0.02199855027720332,0.01960149360820651,6
3,1030.704318523407,0.020594660192728043,0.01806253520771861,0.021978069096803665,0.019537824671715498,6
3,1028.7741606235504,0.020463754422962666,0.018015303649008274,0.02192683983594179,0.019452744784454506,6
3,1026.8440027236938,0.02030925638973713,0.017952946946024895,0.021844432689249516,0.019346779367576044,6
3,1024.9138448238373,0.020131772384047508,0.01787678897380829,0.02173148514702916,0.019221159474303324,6
3,1022.9836869239807,0.019932677038013935,0.017787981312721968,0.021589192561805248,0.019077514453480642,6
3,1021.0535290241241,0.019714130088686943,0.017687972635030746,0.021419558208435774,0.01891799410805106,6
3,1019.1233711242676,0.01947841513901949,0.017578457482159138,0.021225104108452797,0.01874491727600495,6
3,1017.193213224411,0.019227251410484314,0.017460540868341923,0.021008061710745096,0.018560091344018776,6
3,1015.2630553245544,0.018962225876748562,0.017334959004074335,0.020770444069057703,0.018365029711276293,6
3,1013.3328974246979,0.0186857171356678,0.017203448805958033,0.020514789503067732,0.018161842909952004,6
3,1011.4027395248413,0.01840096153318882,0.01705882605165243,0.02025456354022026,0.017953389169027407,6
3,1009.4725816249847,0.018111351877450943,0.016889094840735197,0.020008449908345938,0.01774258476992448,6
3,1007.5424237251282,0.017819966189563274,0.01671971147879958,0.01975654484704137,0.017531780991703272,6
3,1005.6122658252716,0.01752958819270134,0.016552015207707882,0.019501428119838238,0.017322569464643795,6
3,1003.682107925415,0.01724266353994608,0.016386776696890593,0.019244570285081863,0.017115759663283825,6
3,1001.7519500255585,0.01696066278964281,0.01622413517907262,0.01898603653535247,0.016911177119861048,6
3,999.8217921257019,0.01668335311114788,0.016063163056969643,0.018724366556853056,0.016707380147029955,6
3,997.8916342258453,0.016437086276710033,0.01587378839030862,0.018456830643117428,0.016501852311193943,6
3,995.9614763259888,0.016283067874610424,0.01558991358615458,0.01818002201616764,0.016291599720716476,6
3,994.0313184261322,0.016121750697493553,0.015305634820833802,0.017890062648802996,0.016073361039161682,6
3,992.1011605262756,0.015949876978993416,0.015017842175439,0.017582397907972336,0.015843398869037628,6
3,990.1710026264191,0.01576386485248804,0.014722980791702867,0.017251952085644007,0.015597569445768992,6
3,988.2408447265625,0.015560089610517025,0.014417506055906415,0.016893751919269562,0.01533178115884463,6
3,986.3106868267059,0.0153351747430861,0.014098044717684388,0.016503529157489538,0.015042389122148355,6
3,984.3805289268494,0.015086217317730188,0.013761684531345963,0.016078453743830323,0.01472655621667703,6
3,982.4503710269928,0.014811344910413027,0.013406681828200817,0.015617992030456662,0.014382876300563415,6
3,980.5202131271362,0.014510232489556074,0.013032859424129128,0.01512405020184815,0.014011796563863754,6
3,978.5900552272797,0.014184053055942059,0.01264142245054245,0.014600284397602081,0.013615414345016083,6
3,976.6598973274231,0.013835201039910316,0.012214256916195154,0.014071936020627618,0.013197077593455711,6
3,974.7297394275665,0.01344369538128376,0.011764243245124817,0.013557583326473832,0.012760817538946867,6
3,972.79958152771,0.012906367424875498,0.01129812397994101,0.013164525851607323,0.012310469057410955,6
3,970.8694236278534,0.012358037289232016,0.010785257210955024,0.01279772724956274,0.011849265545606613,6
3,968.9392657279968,0.011802734807133675,0.010267600417137146,0.01242017443291843,0.011380321656664213,6
3,967.0091078281403,0.01124472264200449,0.009747967356815934,0.012034973595291376,0.010907094459980726,6
3,965.0789499282837,0.010688576847314835,0.009229610906913877,0.011645305436104536,0.010433259652927518,6
3,963.1487920284271,0.010139101184904575,0.008716249372810125,0.01125376159325242,0.00996243511326611,6
3,961.2186341285706,0.009600975550711155,0.008211874635890126,0.010862262919545174,0.009497959089154998,6
3,959.288476228714,0.009078304748982191,0.0077202083775773644,0.010472500929608941,0.009042755623037616,6
3,957.3583183288574,0.008574573788791895,0.007244450505822897,0.010086350375786424,0.008599464315921068,6
3,955.4281604290009,0.008092838572338223,0.006787416758015752,0.009705864358693361,0.008170651194329063,6
3,953.4980025291443,0.007635819958522916,0.006351651274599135,0.009333077818155289,0.007758814453457792,6
3,951.5678446292877,0.007205987116321921,0.0059393985429778695,0.008970035705715418,0.0073662564779321356,6
3,949.6376867294312,0.0068053314462304115,0.005552357062697411,0.008583240327425301,0.006994782326122125,6
3,947.7075288295746,0.006434595212340355,0.005191152915358543,0.008150027017109096,0.006645157001912594,6
3,945.777370929718,0.006092884112149477,0.004855175851844251,0.007742674322798848,0.006316883877540628,6
3,943.8472130298615,0.005778137594461441,0.0046029065269976854,0.007358914474025369,0.006008589485039313,6
3,941.9170551300049,0.005487850401550531,0.00439422472845763,0.006996296462602913,0.005718587044005592,6
3,939.9868972301483,0.0052197466138750315,0.004198445123620331,0.00665301235858351,0.005445377590755622,6
3,938.0567393302917,0.004972303519025445,0.00401488650823012,0.006328407675027847,0.005188167483235399,6
3,936.1265814304352,0.004744838224723935,0.0038435609894804657,0.006023247144185007,0.004947172633061807,6
3,934.1964235305786,0.004537254571914673,0.0036848042509518564,0.005739517509937286,0.004723374149762094,6
3,932.266265630722,0.004349693423137069,0.0035388319520279765,0.005479747545905411,0.004517839173786342,6
3,930.3361077308655,0.004182008211500943,0.0034056500880979,0.005246087908744812,0.004330963750059406,6
3,928.4059498310089,0.004033217090182006,0.0032849537674337626,0.0050393304554745555,0.004161914965758721,6
3,926.4757919311523,0.003901592339389026,0.003175982099492103,0.004858780768699944,0.004008830486175914,6
3,924.5456340312958,0.003785471781156957,0.0030779284425079823,0.004703484009951353,0.003869843863261243,6
3,922.6154761314392,0.0036839073291048408,0.0029904713155701756,0.004573193844407797,0.0037445707324271402,6
3,920.6853182315826,0.003596595022827387,0.002913630392868072,0.004467856662813574,0.003631910018157214,6
3,918.7551603317261,0.0035234115784987807,0.0028473412385210395,0.0043867259519174695,0.0035307168727740645,6
3,916.8250024318695,0.003463908447884023,0.0027912507066503167,0.004328201117459685,0.0034397378913126886,6
3,914.8948445320129,0.0034168176352977753,0.002744456345681101,0.004289882199373096,0.0033577741317761443,6
3,912.9646866321564,0.0033800024539232254,0.0027053846861235797,0.004268511198461056,0.0032839492099204413,6
3,911.0345287322998,0.0033509726636111736,0.0026722722686827183,0.004260134533978999,0.003218065801775083,6
3,909.1043708324432,0.003327189013361931,0.002643657091539353,0.004260388494003564,0.003160613302801115,6
3,907.1742129325867,0.003306013299152255,0.0026181857683695853,0.0042646515648812056,0.003112354126642458,6
3,905.2440550327301,0.0032846798421815038,0.002594182500615716,0.004267996002454311,0.003073893257048136,6
3,903.3138971328735,0.0032599695259705186,0.0025695544900372624,0.004264767921995372,0.0030452194174965066,6
3,901.383739233017,0.0032280354062095284,0.0025419903686270118,0.004248488519806415,0.00302549483118734,6
3,899.4535813331604,0.003185090725310147,0.0025092303403653204,0.004212942847516388,0.0030135816438511633,6
3,897.5234234333038,0.0031281119445338845,0.002469287079293281,0.004153639660216868,0.0030086456487576165,6
3,895.5932655334473,0.003055175067856908,0.002420752716716379,0.0040685252752155066,0.003010215237736702,6
3,893.6631076335907,0.0029659097781404853,0.0023632048396393657,0.003957951674237847,0.0030181218365517757,6
3,891.7329497337341,0.0028613790636882186,0.0022971266298554838,0.0038239454734139144,0.003032313504566749,6
3,889.8027918338776,0.002942037070170045,0.0024958571302704513,0.003669149416964501,0.003052269807085395,6
3,887.872633934021,0.0032729924423620105,0.0024476113030686975,0.003660350339487195,0.003076532312358419,6
3,885.9424760341644,0.00313570280559361,0.0023178060655482113,0.0036410780157893896,0.003102601272985339,6
3,884.0123181343079,0.0029486302519217134,0.002182783791795373,0.003460786188952625,0.003126907472809156,6
3,882.0821602344513,0.002754887449555099,0.002044679451500997,0.0032729969825595617,0.0031450800403642156,6
3,880.1520023345947,0.002558087930083275,0.0019057366589549929,0.0030806762515567243,0.0031528334172132113,6
3,878.2218444347382,0.002362768165767193,0.0017907950095832348,0.0028872943366877735,0.0031465919649538896,6
3,876.2916865348816,0.0021734819747507572,0.0016834416019264609,0.0026960166287608445,0.003123165418704351,6
3,874.361528635025,0.0019935710006393492,0.00157878827303648,0.0025091649731621146,0.0030783795712826154,6
3,872.4313707351685,0.0018253254238516092,0.0014779546181671321,0.0023286204086616635,0.0030096579187860093,6
3,870.5012128353119,0.0016731343930587173,0.0013832470576744527,0.0021557973814196885,0.0029139309966315827,6
